method,trial,seed,bin,n,conditional_risk,mean_width
CRC marginal,0,42,0,81,0.10370370745658875,6775.783203125
CRC marginal,0,42,1,78,0.13076922297477722,8558.328125
CRC marginal,0,42,2,68,0.12352941930294037,9267.6279296875
CRC marginal,0,42,3,94,0.05319149047136307,10459.9140625
CRC marginal,0,42,4,81,0.07407407462596893,12218.19140625
"AA-CRC (official objective, truncated)",0,42,0,81,0.09876543209876543,6668.640618956908
"AA-CRC (official objective, truncated)",0,42,1,78,0.12051282051282051,8456.298861085896
"AA-CRC (official objective, truncated)",0,42,2,68,0.06764705882352941,10621.254288113143
"AA-CRC (official objective, truncated)",0,42,3,94,0.0425531914893617,12320.179741328882
"AA-CRC (official objective, truncated)",0,42,4,81,0.10617283950617286,10238.81041074292
ReCIRC-TabICL,0,42,0,81,0.12839506566524506,3167.989990234375
ReCIRC-TabICL,0,42,1,78,0.13333334028720856,6251.8427734375
ReCIRC-TabICL,0,42,2,68,0.0941176488995552,6559.140625
ReCIRC-TabICL,0,42,3,94,0.04893616959452629,7490.94677734375
ReCIRC-TabICL,0,42,4,81,0.07407406717538834,10381.4404296875
CRC marginal,1,43,0,81,0.1061728447675705,5504.56689453125
CRC marginal,1,43,1,53,0.05283019319176674,8573.1142578125
CRC marginal,1,43,2,107,0.1495327353477478,9895.8193359375
CRC marginal,1,43,3,78,0.07692307978868484,10988.1396484375
CRC marginal,1,43,4,83,0.08192771673202515,13047.9443359375
"AA-CRC (official objective, truncated)",1,43,0,81,0.10123456790123458,5920.046510747036
"AA-CRC (official objective, truncated)",1,43,1,53,0.05660377358490566,8749.968428114496
"AA-CRC (official objective, truncated)",1,43,2,107,0.11962616822429907,10235.924988966948
"AA-CRC (official objective, truncated)",1,43,3,78,0.0794871794871795,11091.691015338187
"AA-CRC (official objective, truncated)",1,43,4,83,0.09156626506024096,13950.407489905047
ReCIRC-TabICL,1,43,0,81,0.12345679104328156,3473.403076171875
ReCIRC-TabICL,1,43,1,53,0.049056608229875565,5666.41650390625
ReCIRC-TabICL,1,43,2,107,0.1214953288435936,8204.427734375
ReCIRC-TabICL,1,43,3,78,0.08717948943376541,8409.0556640625
ReCIRC-TabICL,1,43,4,83,0.06987951695919037,11627.990234375
CRC marginal,2,44,0,81,0.0962962955236435,5321.49365234375
CRC marginal,2,44,1,73,0.11506848782300949,9679.265625
CRC marginal,2,44,2,86,0.04883721098303795,10610.265625
CRC marginal,2,44,3,81,0.04444444179534912,12391.3955078125
CRC marginal,2,44,4,81,0.07901234924793243,14762.4287109375
"AA-CRC (official objective, truncated)",2,44,0,81,0.10370370370370371,3650.7598808498133
"AA-CRC (official objective, truncated)",2,44,1,73,0.07123287671232877,12560.624499496897
"AA-CRC (official objective, truncated)",2,44,2,86,0.044186046511627906,14472.20859246052
"AA-CRC (official objective, truncated)",2,44,3,81,0.10123456790123456,6517.589783901662
"AA-CRC (official objective, truncated)",2,44,4,81,0.10123456790123458,8341.933695096699
ReCIRC-TabICL,2,44,0,81,0.11358025670051575,2400.023193359375
ReCIRC-TabICL,2,44,1,73,0.08493150770664215,5861.158203125
ReCIRC-TabICL,2,44,2,86,0.07441860437393188,5742.9140625
ReCIRC-TabICL,2,44,3,81,0.07407407462596893,6250.42578125
ReCIRC-TabICL,2,44,4,81,0.09135802835226059,8252.2861328125
CRC marginal,3,45,0,81,0.054320987313985825,6184.0166015625
CRC marginal,3,45,1,80,0.10999999940395355,9703.1220703125
CRC marginal,3,45,2,80,0.07500000298023224,10886.5654296875
CRC marginal,3,45,3,80,0.07250000536441803,11574.8603515625
CRC marginal,3,45,4,81,0.054320987313985825,12827.2421875
"AA-CRC (official objective, truncated)",3,45,0,81,0.08148148148148147,5625.731935526417
"AA-CRC (official objective, truncated)",3,45,1,80,0.07750000000000001,10613.380365041932
"AA-CRC (official objective, truncated)",3,45,2,80,0.0775,11551.936329952348
"AA-CRC (official objective, truncated)",3,45,3,80,0.0675,13807.513254877587
"AA-CRC (official objective, truncated)",3,45,4,81,0.07407407407407407,10738.962621536106
ReCIRC-TabICL,3,45,0,81,0.12839506566524506,3092.380615234375
ReCIRC-TabICL,3,45,1,80,0.10999999940395355,5747.05224609375
ReCIRC-TabICL,3,45,2,80,0.07999999821186066,6391.7724609375
ReCIRC-TabICL,3,45,3,80,0.0650000050663948,9686.2177734375
ReCIRC-TabICL,3,45,4,81,0.059259261935949326,7313.99609375
CRC marginal,4,46,0,81,0.07160493731498718,3126.874267578125
CRC marginal,4,46,1,80,0.09749999642372131,7735.7900390625
CRC marginal,4,46,2,80,0.1275000125169754,10396.7255859375
CRC marginal,4,46,3,79,0.08607595413923264,11904.4443359375
CRC marginal,4,46,4,82,0.09268292039632797,13324.783203125
"AA-CRC (official objective, truncated)",4,46,0,81,0.07160493827160494,3649.1206773170456
"AA-CRC (official objective, truncated)",4,46,1,80,0.075,8731.739653050658
"AA-CRC (official objective, truncated)",4,46,2,80,0.1,11735.98127122825
"AA-CRC (official objective, truncated)",4,46,3,79,0.04556962025316455,16113.763206306136
"AA-CRC (official objective, truncated)",4,46,4,82,0.13902439024390245,9851.483753775845
ReCIRC-TabICL,4,46,0,81,0.08888889104127884,1585.796630859375
ReCIRC-TabICL,4,46,1,80,0.10499999672174454,6210.2080078125
ReCIRC-TabICL,4,46,2,80,0.07750000059604645,7987.84130859375
ReCIRC-TabICL,4,46,3,79,0.050632912665605545,10005.556640625
ReCIRC-TabICL,4,46,4,82,0.056097567081451416,13339.8994140625
CRC marginal,5,47,0,81,0.08395061641931534,2528.88916015625
CRC marginal,5,47,1,60,0.1066666692495346,5918.10205078125
CRC marginal,5,47,2,99,0.09292928874492645,9114.7294921875
CRC marginal,5,47,3,78,0.08461538702249527,11536.5869140625
CRC marginal,5,47,4,84,0.03333333507180214,13635.130859375
"AA-CRC (official objective, truncated)",5,47,0,81,0.09135802469135802,3409.3084804407167
"AA-CRC (official objective, truncated)",5,47,1,60,0.11,6389.774797626325
"AA-CRC (official objective, truncated)",5,47,2,99,0.050505050505050504,11873.19784354808
"AA-CRC (official objective, truncated)",5,47,3,78,0.09743589743589745,11153.78015337559
"AA-CRC (official objective, truncated)",5,47,4,84,0.03095238095238096,16750.117066753202
ReCIRC-TabICL,5,47,0,81,0.1061728447675705,1341.9425048828125
ReCIRC-TabICL,5,47,1,60,0.11000000685453415,3740.14208984375
ReCIRC-TabICL,5,47,2,99,0.08282828330993652,7087.263671875
ReCIRC-TabICL,5,47,3,78,0.08461538702249527,8401.28125
ReCIRC-TabICL,5,47,4,84,0.04523809626698494,13689.26171875
CRC marginal,6,48,0,81,0.1259259283542633,3151.398193359375
CRC marginal,6,48,1,64,0.10625000298023224,6373.16796875
CRC marginal,6,48,2,96,0.11874999850988388,8231.4130859375
CRC marginal,6,48,3,80,0.054999999701976776,9658.0927734375
CRC marginal,6,48,4,81,0.14074073731899261,11038.263671875
"AA-CRC (official objective, truncated)",6,48,0,81,0.14074074074074075,3176.0470316049905
"AA-CRC (official objective, truncated)",6,48,1,64,0.11875,6132.737777809736
"AA-CRC (official objective, truncated)",6,48,2,96,0.10000000000000002,8719.06371733355
"AA-CRC (official objective, truncated)",6,48,3,80,0.0475,11787.388530995016
"AA-CRC (official objective, truncated)",6,48,4,81,0.08148148148148147,14053.779166633656
ReCIRC-TabICL,6,48,0,81,0.16049382090568542,2052.614013671875
ReCIRC-TabICL,6,48,1,64,0.10625000298023224,4525.4384765625
ReCIRC-TabICL,6,48,2,96,0.09583333879709244,6920.41650390625
ReCIRC-TabICL,6,48,3,80,0.04749999940395355,6835.3984375
ReCIRC-TabICL,6,48,4,81,0.06172839552164078,11040.1025390625
CRC marginal,7,49,0,81,0.09876543283462524,3328.65478515625
CRC marginal,7,49,1,80,0.03500000387430191,7306.5546875
CRC marginal,7,49,2,80,0.14750000834465027,9151.310546875
CRC marginal,7,49,3,79,0.12405063211917877,10536.580078125
CRC marginal,7,49,4,82,0.09756097197532654,11911.0712890625
"AA-CRC (official objective, truncated)",7,49,0,81,0.08641975308641976,3775.1651631212744
"AA-CRC (official objective, truncated)",7,49,1,80,0.035,7779.519063679623
"AA-CRC (official objective, truncated)",7,49,2,80,0.10750000000000001,12410.05504136514
"AA-CRC (official objective, truncated)",7,49,3,79,0.1341772151898734,9389.9550030259
"AA-CRC (official objective, truncated)",7,49,4,82,0.10487804878048783,12124.258663592573
ReCIRC-TabICL,7,49,0,81,0.120987668633461,1665.421630859375
ReCIRC-TabICL,7,49,1,80,0.07000000774860382,2963.26708984375
ReCIRC-TabICL,7,49,2,80,0.14500001072883606,6738.6103515625
ReCIRC-TabICL,7,49,3,79,0.14683544635772705,5514.70654296875
ReCIRC-TabICL,7,49,4,82,0.09512194991111755,11012.2861328125
CRC marginal,8,50,0,81,0.09135802835226059,7122.7607421875
CRC marginal,8,50,1,80,0.07750000804662704,9165.8125
CRC marginal,8,50,2,80,0.09750000387430191,10404.46875
CRC marginal,8,50,3,79,0.0835442990064621,11393.8466796875
CRC marginal,8,50,4,82,0.026829268783330917,13280.21484375
"AA-CRC (official objective, truncated)",8,50,0,81,0.11358024691358024,7299.006111762823
"AA-CRC (official objective, truncated)",8,50,1,80,0.07000000000000002,8322.303564655293
"AA-CRC (official objective, truncated)",8,50,2,80,0.10250000000000001,8670.505369748089
"AA-CRC (official objective, truncated)",8,50,3,79,0.15189873417721514,8074.322122998414
"AA-CRC (official objective, truncated)",8,50,4,82,0.05121951219512194,15787.609913564838
ReCIRC-TabICL,8,50,0,81,0.11851852387189865,4086.149658203125
ReCIRC-TabICL,8,50,1,80,0.10000000149011612,5051.986328125
ReCIRC-TabICL,8,50,2,80,0.11500000953674316,5971.62939453125
ReCIRC-TabICL,8,50,3,79,0.09113924205303192,10642.7431640625
ReCIRC-TabICL,8,50,4,82,0.10487805306911469,10918.103515625
CRC marginal,9,51,0,81,0.1012345626950264,4403.37451171875
CRC marginal,9,51,1,80,0.07500000298023224,8726.9501953125
CRC marginal,9,51,2,80,0.1550000011920929,11139.6669921875
CRC marginal,9,51,3,73,0.07397260516881943,12934.69140625
CRC marginal,9,51,4,88,0.054545458406209946,14667.869140625
"AA-CRC (official objective, truncated)",9,51,0,81,0.10123456790123456,4166.025134905729
"AA-CRC (official objective, truncated)",9,51,1,80,0.065,8040.659299525386
"AA-CRC (official objective, truncated)",9,51,2,80,0.10750000000000001,12432.864509317655
"AA-CRC (official objective, truncated)",9,51,3,73,0.07671232876712328,12638.3986786006
"AA-CRC (official objective, truncated)",9,51,4,88,0.05227272727272727,14624.12411082963
ReCIRC-TabICL,9,51,0,81,0.1111111119389534,1997.1925048828125
ReCIRC-TabICL,9,51,1,80,0.08250000327825546,4696.60400390625
ReCIRC-TabICL,9,51,2,80,0.06749999523162842,9610.748046875
ReCIRC-TabICL,9,51,3,73,0.06575343012809753,10982.7451171875
ReCIRC-TabICL,9,51,4,88,0.06136363372206688,11805.45703125
CRC marginal,10,52,0,81,0.054320987313985825,5072.8701171875
CRC marginal,10,52,1,80,0.14250001311302185,7417.2138671875
CRC marginal,10,52,2,33,0.09090909361839294,7906.6552734375
CRC marginal,10,52,3,127,0.18740156292915344,8372.0947265625
CRC marginal,10,52,4,81,0.16049382090568542,9570.943359375
"AA-CRC (official objective, truncated)",10,52,0,81,0.059259259259259255,4218.590318749979
"AA-CRC (official objective, truncated)",10,52,1,80,0.11000000000000001,7431.512091969923
"AA-CRC (official objective, truncated)",10,52,2,33,0.10303030303030303,6013.044833105907
"AA-CRC (official objective, truncated)",10,52,3,127,0.13858267716535433,9016.828742754786
"AA-CRC (official objective, truncated)",10,52,4,81,0.17777777777777778,7905.3084523685975
ReCIRC-TabICL,10,52,0,81,0.1111111119389534,2981.786376953125
ReCIRC-TabICL,10,52,1,80,0.10499999672174454,5935.8330078125
ReCIRC-TabICL,10,52,2,33,0.10303030908107758,5073.31640625
ReCIRC-TabICL,10,52,3,127,0.14488188922405243,7058.94677734375
ReCIRC-TabICL,10,52,4,81,0.1358024626970291,8140.93310546875
CRC marginal,11,53,0,81,0.04691358283162117,2989.39697265625
CRC marginal,11,53,1,76,0.07631579041481018,8902.3681640625
CRC marginal,11,53,2,65,0.11076922714710236,11187.6728515625
CRC marginal,11,53,3,99,0.05252525210380554,12171.03515625
CRC marginal,11,53,4,81,0.034567903727293015,16867.12890625
"AA-CRC (official objective, truncated)",11,53,0,81,0.034567901234567905,3543.0570364234727
"AA-CRC (official objective, truncated)",11,53,1,76,0.05263157894736842,10562.863571353804
"AA-CRC (official objective, truncated)",11,53,2,65,0.12307692307692308,14026.070124995993
"AA-CRC (official objective, truncated)",11,53,3,99,0.06262626262626263,12121.08497132407
"AA-CRC (official objective, truncated)",11,53,4,81,0.05185185185185186,14903.920217234761
ReCIRC-TabICL,11,53,0,81,0.06172839552164078,1329.0291748046875
ReCIRC-TabICL,11,53,1,76,0.08947368711233139,5134.22265625
ReCIRC-TabICL,11,53,2,65,0.10461539030075073,7800.419921875
ReCIRC-TabICL,11,53,3,99,0.05252525582909584,7488.087890625
ReCIRC-TabICL,11,53,4,81,0.051851850003004074,11402.45703125
CRC marginal,12,54,0,81,0.13333334028720856,2347.350830078125
CRC marginal,12,54,1,80,0.07500000298023224,8417.919921875
CRC marginal,12,54,2,79,0.07848101109266281,10822.2685546875
CRC marginal,12,54,3,81,0.09629630297422409,12291.72265625
CRC marginal,12,54,4,81,0.03703703731298447,14560.6044921875
"AA-CRC (official objective, truncated)",12,54,0,81,0.12098765432098767,3290.136426299464
"AA-CRC (official objective, truncated)",12,54,1,80,0.06499999999999999,9808.399405265318
"AA-CRC (official objective, truncated)",12,54,2,79,0.06835443037974684,15458.059821999926
"AA-CRC (official objective, truncated)",12,54,3,81,0.08395061728395063,15115.779085524326
"AA-CRC (official objective, truncated)",12,54,4,81,0.027160493827160497,18376.753077844634
ReCIRC-TabICL,12,54,0,81,0.14814814925193787,1488.364990234375
ReCIRC-TabICL,12,54,1,80,0.06750000268220901,4947.23095703125
ReCIRC-TabICL,12,54,2,79,0.060759495943784714,10490.70703125
ReCIRC-TabICL,12,54,3,81,0.09135802835226059,10319.87890625
ReCIRC-TabICL,12,54,4,81,0.032098766416311264,19543.28125
CRC marginal,13,55,0,81,0.10864196717739105,3665.246826171875
CRC marginal,13,55,1,80,0.06000000238418579,8857.2275390625
CRC marginal,13,55,2,77,0.020779220387339592,11709.3173828125
CRC marginal,13,55,3,83,0.0891566202044487,12582.28515625
CRC marginal,13,55,4,81,0.06172839552164078,15546.6279296875
"AA-CRC (official objective, truncated)",13,55,0,81,0.12592592592592594,2787.4560873636005
"AA-CRC (official objective, truncated)",13,55,1,80,0.095,7252.795844678703
"AA-CRC (official objective, truncated)",13,55,2,77,0.023376623376623377,11458.940516763376
"AA-CRC (official objective, truncated)",13,55,3,83,0.07710843373493977,13422.175107236391
"AA-CRC (official objective, truncated)",13,55,4,81,0.07160493827160494,14146.568740807255
ReCIRC-TabICL,13,55,0,81,0.17283950746059418,1943.7718505859375
ReCIRC-TabICL,13,55,1,80,0.07999999821186066,5022.6513671875
ReCIRC-TabICL,13,55,2,77,0.023376623168587685,8593.2216796875
ReCIRC-TabICL,13,55,3,83,0.08674698323011398,10230.9541015625
ReCIRC-TabICL,13,55,4,81,0.054320987313985825,13174.185546875
CRC marginal,14,56,0,81,0.08641975373029709,4139.40625
CRC marginal,14,56,1,73,0.14520548284053802,8321.482421875
CRC marginal,14,56,2,85,0.11529412120580673,9525.486328125
CRC marginal,14,56,3,82,0.06829268485307693,11357.0712890625
CRC marginal,14,56,4,81,0.1111111119389534,14621.6650390625
"AA-CRC (official objective, truncated)",14,56,0,81,0.08148148148148149,4195.606001366421
"AA-CRC (official objective, truncated)",14,56,1,73,0.13972602739726026,7355.806864975915
"AA-CRC (official objective, truncated)",14,56,2,85,0.08,11707.569815350424
"AA-CRC (official objective, truncated)",14,56,3,82,0.0926829268292683,8177.268575293837
"AA-CRC (official objective, truncated)",14,56,4,81,0.13827160493827162,11941.238662830478
ReCIRC-TabICL,14,56,0,81,0.17037037014961243,1901.1519775390625
ReCIRC-TabICL,14,56,1,73,0.14794521033763885,4778.55029296875
ReCIRC-TabICL,14,56,2,85,0.09647058695554733,6495.16845703125
ReCIRC-TabICL,14,56,3,82,0.06829268485307693,8112.8916015625
ReCIRC-TabICL,14,56,4,81,0.08888889849185944,14251.2080078125
CRC marginal,15,57,0,81,0.11358024179935455,2920.996337890625
CRC marginal,15,57,1,80,0.10750000178813934,6042.65478515625
CRC marginal,15,57,2,64,0.046875,7932.21875
CRC marginal,15,57,3,96,0.1458333432674408,9060.1396484375
CRC marginal,15,57,4,81,0.054320983588695526,11253.00390625
"AA-CRC (official objective, truncated)",15,57,0,81,0.10864197530864199,3928.643969034916
"AA-CRC (official objective, truncated)",15,57,1,80,0.0875,6542.00414807314
"AA-CRC (official objective, truncated)",15,57,2,64,0.034375,8878.97990160748
"AA-CRC (official objective, truncated)",15,57,3,96,0.15833333333333335,8667.517578322759
"AA-CRC (official objective, truncated)",15,57,4,81,0.024691358024691357,14158.558901192977
ReCIRC-TabICL,15,57,0,81,0.14567901194095612,1828.385986328125
ReCIRC-TabICL,15,57,1,80,0.10000000149011612,4654.90576171875
ReCIRC-TabICL,15,57,2,64,0.02812499925494194,6169.41015625
ReCIRC-TabICL,15,57,3,96,0.10625001043081284,9326.30078125
ReCIRC-TabICL,15,57,4,81,0.03950617462396622,10745.46875
CRC marginal,16,58,0,79,0.027848102152347565,5796.6123046875
CRC marginal,16,58,1,82,0.08292683213949203,9491.77734375
CRC marginal,16,58,2,80,0.11249999701976776,11167.12890625
CRC marginal,16,58,3,80,0.07999999821186066,13084.958984375
CRC marginal,16,58,4,81,0.06172839552164078,15563.68359375
"AA-CRC (official objective, truncated)",16,58,0,79,0.02531645569620253,6064.569633339946
"AA-CRC (official objective, truncated)",16,58,1,82,0.06097560975609756,9501.643959316903
"AA-CRC (official objective, truncated)",16,58,2,80,0.10500000000000001,11832.216979943354
"AA-CRC (official objective, truncated)",16,58,3,80,0.0825,11371.710331291373
"AA-CRC (official objective, truncated)",16,58,4,81,0.10123456790123458,12232.177162343365
ReCIRC-TabICL,16,58,0,79,0.09113923460245132,1988.69384765625
ReCIRC-TabICL,16,58,1,82,0.08536585420370102,5404.7275390625
ReCIRC-TabICL,16,58,2,80,0.13999998569488525,7240.8720703125
ReCIRC-TabICL,16,58,3,80,0.08999999612569809,8537.3017578125
ReCIRC-TabICL,16,58,4,81,0.09135802090167999,11733.7646484375
CRC marginal,17,59,0,79,0.06835443526506424,4118.85009765625
CRC marginal,17,59,1,82,0.08536585420370102,7341.54345703125
CRC marginal,17,59,2,78,0.12820513546466827,8452.4169921875
CRC marginal,17,59,3,81,0.10370370745658875,9265.5322265625
CRC marginal,17,59,4,82,0.060975611209869385,11881.654296875
"AA-CRC (official objective, truncated)",17,59,0,79,0.07088607594936709,4846.444039537285
"AA-CRC (official objective, truncated)",17,59,1,82,0.06829268292682926,8834.300518330867
"AA-CRC (official objective, truncated)",17,59,2,78,0.14102564102564102,10057.814181812742
"AA-CRC (official objective, truncated)",17,59,3,81,0.11604938271604939,10683.642317859356
"AA-CRC (official objective, truncated)",17,59,4,82,0.06829268292682927,12506.482058532023
ReCIRC-TabICL,17,59,0,79,0.08860759437084198,2107.686767578125
ReCIRC-TabICL,17,59,1,82,0.09268292039632797,4533.880859375
ReCIRC-TabICL,17,59,2,78,0.11538463085889816,4969.36181640625
ReCIRC-TabICL,17,59,3,81,0.06419753283262253,9296.873046875
ReCIRC-TabICL,17,59,4,82,0.0731707364320755,11022.73828125
CRC marginal,18,60,0,81,0.14567901194095612,3157.654052734375
CRC marginal,18,60,1,80,0.18250000476837158,5968.6259765625
CRC marginal,18,60,2,80,0.08250000327825546,7318.23681640625
CRC marginal,18,60,3,77,0.09090909361839294,9130.1044921875
CRC marginal,18,60,4,84,0.07380951941013336,10049.8369140625
"AA-CRC (official objective, truncated)",18,60,0,81,0.14074074074074072,3547.773544749411
"AA-CRC (official objective, truncated)",18,60,1,80,0.1,8345.798861938272
"AA-CRC (official objective, truncated)",18,60,2,80,0.075,7997.961760241427
"AA-CRC (official objective, truncated)",18,60,3,77,0.07792207792207792,10267.07044025073
"AA-CRC (official objective, truncated)",18,60,4,84,0.08095238095238096,9307.236189062416
ReCIRC-TabICL,18,60,0,81,0.19753088057041168,2019.16064453125
ReCIRC-TabICL,18,60,1,80,0.1900000125169754,5526.58837890625
ReCIRC-TabICL,18,60,2,80,0.14750000834465027,4495.43505859375
ReCIRC-TabICL,18,60,3,77,0.09350649267435074,7022.03955078125
ReCIRC-TabICL,18,60,4,84,0.06428571790456772,7365.22900390625
CRC marginal,19,61,0,81,0.12345679104328156,2724.457763671875
CRC marginal,19,61,1,78,0.12051281332969666,6712.4853515625
CRC marginal,19,61,2,81,0.12839505076408386,7854.67138671875
CRC marginal,19,61,3,80,0.05000000074505806,8907.6953125
CRC marginal,19,61,4,82,0.11463414132595062,9670.6044921875
"AA-CRC (official objective, truncated)",19,61,0,81,0.10123456790123458,2798.182805030022
"AA-CRC (official objective, truncated)",19,61,1,78,0.15384615384615385,5229.77468395178
"AA-CRC (official objective, truncated)",19,61,2,81,0.12839506172839507,6652.455291984271
"AA-CRC (official objective, truncated)",19,61,3,80,0.052500000000000005,7914.799850096833
"AA-CRC (official objective, truncated)",19,61,4,82,0.1048780487804878,10596.059144800216
ReCIRC-TabICL,19,61,0,81,0.16296295821666718,1818.4073486328125
ReCIRC-TabICL,19,61,1,78,0.1230769157409668,5051.76953125
ReCIRC-TabICL,19,61,2,81,0.12345679104328156,5047.32568359375
ReCIRC-TabICL,19,61,3,80,0.04500000178813934,7323.3828125
ReCIRC-TabICL,19,61,4,82,0.08780487626791,10764.9580078125
