method,bin,mean_cond_risk,sd_cond_risk,mean_width,n_mean
AA-CRC (D∪C),0,0.09888732731342316,0.03343241628888797,3662.861682128906,80.8
AA-CRC (D∪C),1,0.09948036819696426,0.0306429072532274,6818.408618164062,75.95
AA-CRC (D∪C),2,0.10006727427244186,0.031225784254013067,8538.539038085937,78.9
AA-CRC (D∪C),3,0.091849784553051,0.03327720281948439,9302.598950195312,84.35
AA-CRC (D∪C),4,0.08922828435897827,0.027266346711248446,10698.71025390625,82.0
CRC marginal,0,0.09209407772868872,0.03079584678677322,4219.032678222657,80.8
CRC marginal,1,0.09922056924551725,0.035061830114843644,7960.675317382813,75.95
CRC marginal,2,0.10253932708874344,0.03600015016056878,9648.73330078125,78.9
CRC marginal,3,0.0859218230471015,0.034573457477037446,10980.0595703125,84.35
CRC marginal,4,0.07527173701673746,0.03579734324464568,13014.94462890625,82.0
ReCIRC-TabICL,0,0.128863887488842,0.03412697553778507,2199.5545654296875,80.8
ReCIRC-TabICL,1,0.10251057539135218,0.030989262143756968,5042.062976074219,75.95
ReCIRC-TabICL,2,0.0962656338699162,0.03402333188308957,6805.186987304687,78.9
ReCIRC-TabICL,3,0.08085206467658282,0.02868004395673833,8369.824072265625,84.35
ReCIRC-TabICL,4,0.07250884156674146,0.0250386853518196,11243.473315429688,82.0
