method,trial,seed,alpha,selected_param,test_risk,excess_risk_event,worst_slice,mean_excess_slice,avg_width,median_width,infinite_width_rate,rate_at_lam_max,own_group_worst,n_test
CRC marginal,0,42,0.1,0.6582278609275818,0.09452736377716064,0.0,0.25238096714019775,0.03722944110631943,9501.2236328125,9421.79296875,0.0,0.0,,402
"AA-CRC (linear, truncated)",0,42,0.1,0.6150266044032563,0.09402985074626866,0.0,0.17142857142857143,0.014610389610389612,8853.883988859523,8063.447123048994,0.0,0.0,,402
AA-CRC (RF leaves),0,42,0.1,0.5711857177322829,0.10248756218905473,1.0,0.22857142857142856,0.040305618294748734,8350.457167483873,7982.3583203690205,0.0,0.0,0.1346153846153846,402
ReCIRC-TabICL,0,42,0.1,0.12,0.08855721354484558,0.0,0.12727274000644684,0.0057900445535779,6697.97900390625,5466.73828125,0.0,0.0024875621890547263,,402
CRC marginal,1,43,0.1,0.6582278609275818,0.10000000149011612,0.0,0.3314286172389984,0.0697980672121048,9699.3828125,10152.94921875,0.0,0.0,,402
"AA-CRC (linear, truncated)",1,43,0.1,0.5889749422009085,0.1044776119402985,1.0,0.1777777777777778,0.035030086477454904,8795.673567410415,8335.408656049338,0.0,0.0,,402
AA-CRC (RF leaves),1,43,0.1,0.6279148724292678,0.10149253731343284,1.0,0.2914285714285715,0.06555276140802457,9251.54274472143,9088.13131392665,0.0,0.0,0.13827160493827162,402
ReCIRC-TabICL,1,43,0.1,0.085,0.08656717091798782,0.0,0.10879121720790863,0.003183843567967415,8180.35595703125,7279.7822265625,0.0,0.022388059701492536,,402
CRC marginal,2,44,0.1,0.7088607549667358,0.07562189549207687,0.0,0.15609756112098694,0.013401083648204803,10571.0693359375,10652.935546875,0.0,0.0,,402
"AA-CRC (linear, truncated)",2,44,0.1,0.5256968043715655,0.1,0.0,0.1382716049382716,0.009440311911517488,7634.397635691396,5168.056329858293,0.0,0.0,,402
AA-CRC (RF leaves),2,44,0.1,0.5987506183809393,0.08606965174129354,0.0,0.20487804878048782,0.024307672764227642,8765.065459633342,8518.086421921771,0.0,0.0,0.13417721518987347,402
ReCIRC-TabICL,2,44,0.1,0.115,0.08507462590932846,0.0,0.09518072009086609,0.0,5956.291015625,4664.45849609375,0.0,0.0,,402
CRC marginal,3,45,0.1,0.6582278609275818,0.07313433289527893,0.0,0.1041666641831398,0.0005208328366279602,10231.53125,10991.568359375,0.0,0.0,,402
"AA-CRC (linear, truncated)",3,45,0.1,0.5873704800158641,0.1,0.0,0.15675675675675677,0.013834390604983452,9136.395259320838,8094.987990666372,0.0,0.0,,402
AA-CRC (RF leaves),3,45,0.1,0.59106116990826,0.09701492537313433,0.0,0.24324324324324326,0.035031431966740564,9242.780446744575,8697.799897984081,0.0,0.0,0.18813559322033904,402
ReCIRC-TabICL,3,45,0.1,0.105,0.0746268630027771,0.0,0.10658683627843857,0.0008233543485403061,6629.5810546875,5723.67529296875,0.0,0.0,,402
CRC marginal,4,46,0.1,0.6582278609275818,0.09502487629652023,0.0,0.21052631735801697,0.023736685514450073,9295.923828125,10003.576171875,0.0,0.0,,402
"AA-CRC (linear, truncated)",4,46,0.1,0.5748656020925632,0.10497512437810946,1.0,0.12098765432098767,0.007587207879304099,8010.745021538878,5896.773185306557,0.0,0.0,,402
AA-CRC (RF leaves),4,46,0.1,0.6025771172687545,0.09004975124378109,0.0,0.11237113402061855,0.0023179966908489225,8243.523002102203,7160.904297484366,0.0,0.0,0.11698113207547169,402
ReCIRC-TabICL,4,46,0.1,0.11,0.09303482621908188,0.0,0.10615384578704834,0.0013865139335393906,6661.60400390625,5283.1201171875,0.0,0.0,,402
CRC marginal,5,47,0.1,0.6582278609275818,0.079104483127594,0.0,0.18285712599754333,0.011190471239387989,8725.0966796875,9828.794921875,0.0,0.0,,402
"AA-CRC (linear, truncated)",5,47,0.1,0.7042162852751832,0.07711442786069653,0.0,0.09876543209876543,0.0,9155.29838180036,8334.317150985238,0.0,0.0,,402
AA-CRC (RF leaves),5,47,0.1,0.6695891190667669,0.08407960199004977,0.0,0.17714285714285716,0.01705513784461153,8710.110378789455,7831.530411481526,0.0,0.0,0.11397849462365589,402
ReCIRC-TabICL,5,47,0.1,0.085,0.0701492577791214,0.0,0.10857143998146057,0.0010714298114180565,7421.8115234375,5436.365234375,0.0,0.014925373134328358,,402
CRC marginal,6,48,0.1,0.5569620132446289,0.1099502444267273,1.0,0.1850000023841858,0.024284258484840393,7761.46337890625,8317.93359375,0.0,0.0,,402
"AA-CRC (linear, truncated)",6,48,0.1,0.5183794222885466,0.10746268656716419,1.0,0.14487179487179488,0.00999302961008163,7423.170271872649,6913.026141667747,0.0,0.0,,402
AA-CRC (RF leaves),6,48,0.1,0.5047892185644915,0.12189054726368159,1.0,0.22777777777777775,0.04197039072039072,7050.418417651961,6549.1185189111775,0.0,0.0,0.1846153846153846,402
ReCIRC-TabICL,6,48,0.1,0.115,0.10746268928050995,1.0,0.13461539149284363,0.010000396519899368,5477.0185546875,4066.47021484375,0.0,0.0,,402
CRC marginal,7,49,0.1,0.607594907283783,0.10049751400947571,1.0,0.2195121943950653,0.024016406387090683,8446.138671875,9235.26171875,0.0,0.0,,402
"AA-CRC (linear, truncated)",7,49,0.1,0.598949512738324,0.1,0.0,0.14500000000000002,0.011854276722490727,8127.689268751125,7578.2738724574665,0.0,0.0,,402
AA-CRC (RF leaves),7,49,0.1,0.5532051898295228,0.11044776119402987,1.0,0.1951219512195122,0.03464901558577798,7626.44775585773,7313.148086071958,0.0,0.0,0.15652173913043482,402
ReCIRC-TabICL,7,49,0.1,0.13,0.10646765679121017,1.0,0.16190476715564728,0.017656393349170685,5249.80517578125,3750.86474609375,0.0,0.0,,402
CRC marginal,8,50,0.1,0.5569620132446289,0.07512438297271729,0.0,0.11891891807317734,0.0023648645728826523,10277.7548828125,10547.345703125,0.0,0.0,,402
"AA-CRC (linear, truncated)",8,50,0.1,0.47769633571436665,0.10298507462686568,1.0,0.17837837837837836,0.018352075852075846,8948.186273757803,7740.133188400147,0.0,0.0,,402
AA-CRC (RF leaves),8,50,0.1,0.5597109845755269,0.07761194029850747,0.0,0.14594594594594593,0.008015970515970512,10430.810271291686,11251.203388035676,0.0,0.0,0.14520547945205478,402
ReCIRC-TabICL,8,50,0.1,0.125,0.10199005156755447,1.0,0.13636364042758942,0.012218437157571316,7560.75390625,6288.19921875,0.0,0.0,,402
CRC marginal,9,51,0.1,0.7594936490058899,0.09154229611158371,0.0,0.30270272493362427,0.04456309229135513,10400.5166015625,11019.6796875,0.0,0.0,,402
"AA-CRC (linear, truncated)",9,51,0.1,0.6644844357004966,0.0900497512437811,0.0,0.2378378378378379,0.028653689557563308,9238.02067643651,9777.838071671225,0.0,0.0,,402
AA-CRC (RF leaves),9,51,0.1,0.664159267107211,0.08507462686567163,0.0,0.12682926829268293,0.005042847725774555,9187.707694626784,8073.109507996185,0.0,0.0,0.11428571428571428,402
ReCIRC-TabICL,9,51,0.1,0.09,0.07363183796405792,0.0,0.09189188480377197,0.0,6704.21826171875,5113.82373046875,0.0,0.0,,402
CRC marginal,10,52,0.1,0.4556961953639984,0.13830845057964325,1.0,0.39000001549720764,0.0806732028722763,7720.650390625,8151.04296875,0.0,0.0,,402
"AA-CRC (linear, truncated)",10,52,0.1,0.39113892461856054,0.13532338308457714,1.0,0.24500000000000002,0.04756181656186566,6683.80029579575,6030.60881384045,0.0,0.0,,402
AA-CRC (RF leaves),10,52,0.1,0.43263223357548536,0.1572139303482587,1.0,0.4700000000000001,0.1082029186366857,7434.553220677401,7453.747987122564,0.0,0.0,0.19999999999999993,402
ReCIRC-TabICL,10,52,0.1,0.16,0.12835820019245148,1.0,0.15000000596046448,0.03092433512210846,6003.30859375,5142.7958984375,0.0,0.0,,402
CRC marginal,11,53,0.1,0.7594936490058899,0.06169154495000839,0.0,0.18333333730697632,0.017481885850429535,10490.2734375,11443.6875,0.0,0.0,,402
"AA-CRC (linear, truncated)",11,53,0.1,0.7202033853497466,0.07014925373134329,0.0,0.19130434782608696,0.021829710144927537,9625.86939022245,8800.562600679883,0.0,0.0024875621890547263,,402
AA-CRC (RF leaves),11,53,0.1,0.6102942768294677,0.06517412935323384,0.0,0.11666666666666668,0.003096846846846848,7988.1494189536115,7439.216441488321,0.0,0.0,0.09705882352941175,402
ReCIRC-TabICL,11,53,0.1,0.09,0.06666666269302368,0.0,0.14999999105930328,0.010788775980472565,6701.45263671875,5857.6220703125,0.0,0.0,,402
CRC marginal,12,54,0.1,0.7594936490058899,0.08407960832118988,0.0,0.1190476194024086,0.00238095223903656,9685.4892578125,10971.09765625,0.0,0.0,,402
"AA-CRC (linear, truncated)",12,54,0.1,0.9517632002721238,0.07810945273631842,0.0,0.12000000000000002,0.0025000000000000022,11913.93444211786,10698.6516035329,0.0,0.0,,402
AA-CRC (RF leaves),12,54,0.1,0.7381956479508257,0.09054726368159204,0.0,0.15714285714285717,0.01682915057915058,8963.753691601358,8161.965325730202,0.0,0.0,0.15058823529411766,402
ReCIRC-TabICL,12,54,0.1,0.085,0.07711442559957504,0.0,0.0954023003578186,0.0,8704.4638671875,6620.6279296875,0.0,0.007462686567164179,,402
CRC marginal,13,55,0.1,0.8101266026496887,0.06865672022104263,0.0,0.13617020845413208,0.00665542297065258,10474.345703125,11959.79296875,0.0,0.0,,402
"AA-CRC (linear, truncated)",13,55,0.1,0.6513049755578512,0.0900497512437811,0.0,0.124822695035461,0.008027452914376966,8771.701253614588,8879.880917388935,0.0,0.0,,402
AA-CRC (RF leaves),13,55,0.1,0.7485123157560647,0.08308457711442788,0.0,0.16097560975609757,0.013910406435331082,9891.224005049544,10122.817744383949,0.0,0.0,0.12321428571428565,402
ReCIRC-TabICL,13,55,0.1,0.075,0.0830845832824707,0.0,0.12195122241973877,0.0058408696204423904,7426.095703125,6689.29638671875,0.0,0.0,,402
CRC marginal,14,56,0.1,0.6582278609275818,0.10447761416435242,1.0,0.2647058963775635,0.041961535811424255,9622.04296875,9538.2060546875,0.0,0.0,,402
"AA-CRC (linear, truncated)",14,56,0.1,0.5233158689108859,0.11442786069651742,1.0,0.25882352941176473,0.03548561488058887,7534.550332994043,6556.581097952344,0.0,0.0,,402
AA-CRC (RF leaves),14,56,0.1,0.5865418361602956,0.10746268656716419,1.0,0.2705882352941177,0.041894127573179264,8494.5127569413,7603.494191658199,0.0,0.0,0.18072289156626506,402
ReCIRC-TabICL,14,56,0.1,0.12,0.10248755663633347,1.0,0.180645152926445,0.02104233205318451,6589.501953125,4849.37451171875,0.0,0.0,,402
CRC marginal,15,57,0.1,0.5063291192054749,0.09751243889331818,0.0,0.1733333319425583,0.016115421429276466,7484.93017578125,8048.98681640625,0.0,0.0,,402
"AA-CRC (linear, truncated)",15,57,0.1,0.4856403397013159,0.10497512437810946,1.0,0.21333333333333332,0.02551906994681931,7112.252900938771,5844.314244427191,0.0,0.0,,402
AA-CRC (RF leaves),15,57,0.1,0.475051536342065,0.1044776119402985,1.0,0.16444444444444445,0.012777290875450384,6985.794563916151,5740.689908258968,0.0,0.0,0.13272727272727278,402
ReCIRC-TabICL,15,57,0.1,0.105,0.07711442559957504,0.0,0.08888889104127884,0.0,5824.33837890625,4312.58935546875,0.0,0.0,,402
CRC marginal,16,58,0.1,0.7088607549667358,0.07313432544469833,0.0,0.18666668236255646,0.015208335593342781,11037.521484375,10933.69921875,0.0,0.0,,402
"AA-CRC (linear, truncated)",16,58,0.1,0.5941625368931047,0.0855721393034826,0.0,0.26666666666666666,0.029513888888888888,8968.32204497885,8491.01789268172,0.0,0.0,,402
AA-CRC (RF leaves),16,58,0.1,0.5938876474805849,0.09303482587064678,0.0,0.2733333333333334,0.03298611111111111,9206.118972421582,9398.159714610007,0.0,0.0,0.13939393939393938,402
ReCIRC-TabICL,16,58,0.1,0.13,0.10995025187730789,1.0,0.17499999701976776,0.027999594807624817,6630.9189453125,5036.28857421875,0.0,0.0,,402
CRC marginal,17,59,0.1,0.607594907283783,0.08905473351478577,0.0,0.15263158082962036,0.008140482008457184,8237.5322265625,8525.2265625,0.0,0.0,,402
"AA-CRC (linear, truncated)",17,59,0.1,0.6053162235662535,0.10348258706467663,1.0,0.19473684210526315,0.023378601892822225,8172.6697494171,7989.863157599835,0.0,0.0,,402
AA-CRC (RF leaves),17,59,0.1,0.6751095666351149,0.09253731343283583,0.0,0.15263157894736845,0.008368526836571952,8977.820572029601,8704.295936750139,0.0,0.0,0.14285714285714285,402
ReCIRC-TabICL,17,59,0.1,0.105,0.09552238881587982,0.0,0.11428570747375488,0.00249442458152771,5739.00244140625,4173.17919921875,0.0,0.0,,402
CRC marginal,18,60,0.1,0.4556961953639984,0.11492538452148438,1.0,0.22926831245422363,0.03597623482346535,7129.162109375,7333.203125,0.0,0.0,,402
"AA-CRC (linear, truncated)",18,60,0.1,0.39621629024283506,0.11890547263681592,1.0,0.15180722891566267,0.01713151423590516,6094.9064398480195,5609.723018463481,0.0,0.0,,402
AA-CRC (RF leaves),18,60,0.1,0.498885639239198,0.1208955223880597,1.0,0.27894736842105267,0.04842517171606641,7604.244768953617,6904.458756039401,0.0,0.0,0.24444444444444446,402
ReCIRC-TabICL,18,60,0.1,0.145,0.12786069512367249,1.0,0.17142857611179352,0.032346636056900024,5482.32470703125,4899.26171875,0.0,0.0,,402
CRC marginal,19,61,0.1,0.4556961953639984,0.10746268928050995,1.0,0.14304636418819427,0.010559639893472195,7179.32470703125,7865.85205078125,0.0,0.0,,402
"AA-CRC (linear, truncated)",19,61,0.1,0.3905071980010266,0.11840796019900497,1.0,0.1325581395348837,0.01357555685510187,6095.291980842106,5430.597424417047,0.0,0.0,,402
AA-CRC (RF leaves),19,61,0.1,0.4333274190375051,0.10995024875621891,1.0,0.12450331125827813,0.010695438688890467,6783.339738293551,6710.0697677939625,0.0,0.0,0.15555555555555556,402
ReCIRC-TabICL,19,61,0.1,0.14,0.11641791462898254,1.0,0.1407894790172577,0.014131233096122742,5529.2587890625,4274.6376953125,0.0,0.0,,402
