method,trial,slice,n,slice_risk,mean_width
CRC marginal,0,smk0_ob0,143,0.0587412565946579,9892.2626953125
CRC marginal,0,smk0_old0,164,0.06951219588518143,9270.201171875
CRC marginal,0,smk0_ob1,171,0.08538012206554413,9059.26171875
CRC marginal,0,smk0_old1,150,0.07733333855867386,9622.76171875
CRC marginal,0,smk1_ob0,44,0.09545455127954483,10526.2578125
CRC marginal,0,smk1_old0,46,0.09565217792987823,9838.53125
CRC marginal,0,smk1_ob1,44,0.2454545497894287,8922.9404296875
CRC marginal,0,smk1_old1,42,0.25238096714019775,9599.8154296875
AA-CRC (D∪C),0,smk0_ob0,143,0.06853146851062775,7836.18359375
AA-CRC (D∪C),0,smk0_old0,164,0.0731707289814949,7947.14013671875
AA-CRC (D∪C),0,smk0_ob1,171,0.09239766001701355,7703.52099609375
AA-CRC (D∪C),0,smk0_old1,150,0.09066666662693024,7563.6357421875
AA-CRC (D∪C),0,smk1_ob0,44,0.07727272808551788,12221.2685546875
AA-CRC (D∪C),0,smk1_old0,46,0.06956522166728973,12076.0546875
AA-CRC (D∪C),0,smk1_ob1,44,0.2136363834142685,10924.4404296875
AA-CRC (D∪C),0,smk1_old1,42,0.22857144474983215,11021.73046875
ReCIRC-TabICL,0,smk0_ob0,143,0.07412587851285934,6411.4921875
ReCIRC-TabICL,0,smk0_old0,164,0.09512194991111755,6322.29052734375
ReCIRC-TabICL,0,smk0_ob1,171,0.10877193510532379,5452.5537109375
ReCIRC-TabICL,0,smk0_old1,150,0.09066666662693024,5415.8291015625
ReCIRC-TabICL,0,smk1_ob0,44,0.06818182021379471,10082.205078125
ReCIRC-TabICL,0,smk1_old0,46,0.08260869234800339,10081.49609375
ReCIRC-TabICL,0,smk1_ob1,44,0.13181819021701813,9621.14453125
ReCIRC-TabICL,0,smk1_old1,42,0.1190476194024086,9599.9638671875
CRC marginal,1,smk0_ob0,163,0.05398773029446602,9179.3466796875
CRC marginal,1,smk0_old0,147,0.059863947331905365,8733.79296875
CRC marginal,1,smk0_ob1,166,0.08433734625577927,9460.60546875
CRC marginal,1,smk0_old1,182,0.07692307978868484,9795.75
CRC marginal,1,smk1_ob0,38,0.15263156592845917,11386.9296875
CRC marginal,1,smk1_old0,36,0.14999999105930328,12342.26953125
CRC marginal,1,smk1_ob1,35,0.3314286172389984,11421.5576171875
CRC marginal,1,smk1_old1,37,0.3243243396282196,10490.16796875
AA-CRC (D∪C),1,smk0_ob0,163,0.089570552110672,6756.87109375
AA-CRC (D∪C),1,smk0_old0,147,0.06530612707138062,7319.14306640625
AA-CRC (D∪C),1,smk0_ob1,166,0.09277108311653137,7095.6044921875
AA-CRC (D∪C),1,smk0_old1,182,0.1120879128575325,6611.68408203125
AA-CRC (D∪C),1,smk1_ob0,38,0.14210526645183563,12115.9423828125
AA-CRC (D∪C),1,smk1_old0,36,0.0833333432674408,14293.826171875
AA-CRC (D∪C),1,smk1_ob1,35,0.2742857336997986,11911.072265625
AA-CRC (D∪C),1,smk1_old1,37,0.3243243098258972,9803.1220703125
ReCIRC-TabICL,1,smk0_ob0,163,0.07730061560869217,5766.15478515625
ReCIRC-TabICL,1,smk0_old0,147,0.059863947331905365,6774.55615234375
ReCIRC-TabICL,1,smk0_ob1,166,0.08795180916786194,7056.49169921875
ReCIRC-TabICL,1,smk0_old1,182,0.10109890252351761,6128.578125
ReCIRC-TabICL,1,smk1_ob0,38,0.13684211671352386,12372.611328125
ReCIRC-TabICL,1,smk1_old0,36,0.11666665971279144,14236.189453125
ReCIRC-TabICL,1,smk1_ob1,35,0.17714285850524902,12913.76171875
ReCIRC-TabICL,1,smk1_old1,37,0.194594606757164,11071.298828125
CRC marginal,2,smk0_ob0,162,0.07530864328145981,10309.216796875
CRC marginal,2,smk0_old0,159,0.06540880352258682,10512.8408203125
CRC marginal,2,smk0_ob1,163,0.06257668882608414,11013.80078125
CRC marginal,2,smk0_old1,166,0.07228915393352509,10806.0283203125
CRC marginal,2,smk1_ob0,32,0.03750000149011612,9867.689453125
CRC marginal,2,smk1_old0,36,0.04444444924592972,10607.060546875
CRC marginal,2,smk1_ob1,45,0.15111111104488373,10410.2587890625
CRC marginal,2,smk1_old1,41,0.15609756112098694,9813.9892578125
AA-CRC (D∪C),2,smk0_ob0,162,0.09506173431873322,6467.60400390625
AA-CRC (D∪C),2,smk0_old0,159,0.07924528419971466,7190.984375
AA-CRC (D∪C),2,smk0_ob1,163,0.07730061560869217,7671.2607421875
AA-CRC (D∪C),2,smk0_old1,166,0.09277108311653137,6956.630859375
AA-CRC (D∪C),2,smk1_ob0,32,0.03750000149011612,9458.25
AA-CRC (D∪C),2,smk1_old0,36,0.04444444924592972,11816.4130859375
AA-CRC (D∪C),2,smk1_ob1,45,0.13333334028720856,11539.396484375
AA-CRC (D∪C),2,smk1_old1,41,0.13658536970615387,9671.8525390625
ReCIRC-TabICL,2,smk0_ob0,162,0.10370370745658875,4372.60791015625
ReCIRC-TabICL,2,smk0_old0,159,0.09559748321771622,5077.79736328125
ReCIRC-TabICL,2,smk0_ob1,163,0.0944785326719284,5551.82177734375
ReCIRC-TabICL,2,smk0_old1,166,0.10240963846445084,4855.05859375
ReCIRC-TabICL,2,smk1_ob0,32,0.0625,5944.076171875
ReCIRC-TabICL,2,smk1_old0,36,0.06666667014360428,8921.4951171875
ReCIRC-TabICL,2,smk1_ob1,45,0.06666667014360428,9888.185546875
ReCIRC-TabICL,2,smk1_old1,41,0.06341463327407837,7658.65869140625
CRC marginal,3,smk0_ob0,155,0.04516129195690155,9792.859375
CRC marginal,3,smk0_old0,156,0.06410256773233414,9148.853515625
CRC marginal,3,smk0_ob1,167,0.0910179615020752,10201.6494140625
CRC marginal,3,smk0_old1,166,0.07349397987127304,10809.32421875
CRC marginal,3,smk1_ob0,32,0.06875000149011612,11595.5654296875
CRC marginal,3,smk1_old0,43,0.08837208896875381,11410.18359375
CRC marginal,3,smk1_ob1,48,0.1041666641831398,10842.6826171875
CRC marginal,3,smk1_old1,37,0.09189189225435257,10834.296875
AA-CRC (D∪C),3,smk0_ob0,155,0.059354837983846664,6884.0146484375
AA-CRC (D∪C),3,smk0_old0,156,0.07051282376050949,7160.15234375
AA-CRC (D∪C),3,smk0_ob1,167,0.12095808982849121,6886.73486328125
AA-CRC (D∪C),3,smk0_old1,166,0.11084336787462234,6627.24853515625
AA-CRC (D∪C),3,smk1_ob0,32,0.05624999850988388,13075.380859375
AA-CRC (D∪C),3,smk1_old0,43,0.05116279050707817,14485.0029296875
AA-CRC (D∪C),3,smk1_ob1,48,0.07916667312383652,12669.7548828125
AA-CRC (D∪C),3,smk1_old1,37,0.09189189225435257,10910.9580078125
ReCIRC-TabICL,3,smk0_ob0,155,0.05806451663374901,5553.35009765625
ReCIRC-TabICL,3,smk0_old0,156,0.06923076510429382,5389.77001953125
ReCIRC-TabICL,3,smk0_ob1,167,0.12095808982849121,5360.26953125
ReCIRC-TabICL,3,smk0_old1,166,0.11084336787462234,5512.83203125
ReCIRC-TabICL,3,smk1_ob0,32,0.06875000149011612,11108.7978515625
ReCIRC-TabICL,3,smk1_old0,43,0.06976744532585144,12088.0556640625
ReCIRC-TabICL,3,smk1_ob1,48,0.08749999850988388,9843.8974609375
ReCIRC-TabICL,3,smk1_old1,37,0.09189189225435257,8329.7890625
CRC marginal,4,smk0_ob0,130,0.07999999821186066,6818.86865234375
CRC marginal,4,smk0_old0,162,0.09135802835226059,7553.9150390625
CRC marginal,4,smk0_ob1,194,0.08659793436527252,10219.34765625
CRC marginal,4,smk0_old1,162,0.07654321193695068,10156.0009765625
CRC marginal,4,smk1_ob0,37,0.1135135218501091,12370.2099609375
CRC marginal,4,smk1_old0,40,0.07500000298023224,10854.8486328125
CRC marginal,4,smk1_ob1,41,0.16585364937782288,10006.2763671875
CRC marginal,4,smk1_old1,38,0.21052631735801697,11414.7666015625
AA-CRC (D∪C),4,smk0_ob0,130,0.0923076942563057,5028.0478515625
AA-CRC (D∪C),4,smk0_old0,162,0.09876542538404465,6371.6650390625
AA-CRC (D∪C),4,smk0_ob1,194,0.09793814271688461,8455.791015625
AA-CRC (D∪C),4,smk0_old1,162,0.09259258955717087,7789.25927734375
AA-CRC (D∪C),4,smk1_ob0,37,0.0810810774564743,14003.833984375
AA-CRC (D∪C),4,smk1_old0,40,0.03999999910593033,13321.615234375
AA-CRC (D∪C),4,smk1_ob1,41,0.1024390161037445,12240.345703125
AA-CRC (D∪C),4,smk1_old1,38,0.1473684310913086,12819.2490234375
ReCIRC-TabICL,4,smk0_ob0,130,0.09076923131942749,4770.1474609375
ReCIRC-TabICL,4,smk0_old0,162,0.08518517762422562,6440.072265625
ReCIRC-TabICL,4,smk0_ob1,194,0.07628865540027618,8637.46484375
ReCIRC-TabICL,4,smk0_old1,162,0.07901234924793243,7731.4560546875
ReCIRC-TabICL,4,smk1_ob0,37,0.0324324332177639,12400.32421875
ReCIRC-TabICL,4,smk1_old0,40,0.08500000089406967,10493.826171875
ReCIRC-TabICL,4,smk1_ob1,41,0.07804878801107407,9291.20703125
ReCIRC-TabICL,4,smk1_old1,38,0.02631578966975212,11052.5908203125
CRC marginal,5,smk0_ob0,157,0.06369426846504211,7980.10009765625
CRC marginal,5,smk0_old0,146,0.07397260516881943,5203.0693359375
CRC marginal,5,smk0_ob1,162,0.08395061641931534,8032.54296875
CRC marginal,5,smk0_old1,173,0.07398843765258789,10372.8291015625
CRC marginal,5,smk1_ob0,35,0.18285712599754333,7856.439453125
CRC marginal,5,smk1_old0,45,0.10666664689779282,10817.046875
CRC marginal,5,smk1_ob1,48,0.03750000149011612,14132.62109375
CRC marginal,5,smk1_old1,38,0.08947368711233139,12278.265625
AA-CRC (D∪C),5,smk0_ob0,157,0.06496816128492355,5788.96630859375
AA-CRC (D∪C),5,smk0_old0,146,0.0808219164609909,3879.912353515625
AA-CRC (D∪C),5,smk0_ob1,162,0.09753086417913437,5778.45654296875
AA-CRC (D∪C),5,smk0_old1,173,0.08208092302083969,7390.2333984375
AA-CRC (D∪C),5,smk1_ob0,35,0.15428569912910461,9030.2294921875
AA-CRC (D∪C),5,smk1_old0,45,0.08000000566244125,12492.3447265625
AA-CRC (D∪C),5,smk1_ob1,48,0.02916666679084301,15720.359375
AA-CRC (D∪C),5,smk1_old1,38,0.08421052992343903,13381.046875
ReCIRC-TabICL,5,smk0_ob0,157,0.07388535141944885,5547.3544921875
ReCIRC-TabICL,5,smk0_old0,146,0.0890410989522934,3372.69775390625
ReCIRC-TabICL,5,smk0_ob1,162,0.08641975373029709,5642.36328125
ReCIRC-TabICL,5,smk0_old1,173,0.0728323757648468,7471.58251953125
ReCIRC-TabICL,5,smk1_ob0,35,0.15999998152256012,8253.3046875
ReCIRC-TabICL,5,smk1_old0,45,0.09777776896953583,12055.3984375
ReCIRC-TabICL,5,smk1_ob1,48,0.0625000074505806,14685.25
ReCIRC-TabICL,5,smk1_old1,38,0.11052630841732025,11875.388671875
CRC marginal,6,smk0_ob0,173,0.08786127716302872,7470.94384765625
CRC marginal,6,smk0_old0,156,0.11923078447580338,7563.46484375
CRC marginal,6,smk0_ob1,154,0.12337662279605865,7312.59716796875
CRC marginal,6,smk0_old1,171,0.09122806787490845,7243.93408203125
CRC marginal,6,smk1_ob0,36,0.13333334028720856,8493.4443359375
CRC marginal,6,smk1_old0,35,0.07428571581840515,9038.953125
CRC marginal,6,smk1_ob1,39,0.13333332538604736,10146.955078125
CRC marginal,6,smk1_old1,40,0.1850000023841858,9628.296875
AA-CRC (D∪C),6,smk0_ob0,173,0.09132947772741318,6304.97314453125
AA-CRC (D∪C),6,smk0_old0,156,0.11666667461395264,6912.40380859375
AA-CRC (D∪C),6,smk0_ob1,154,0.12337662279605865,5991.91748046875
AA-CRC (D∪C),6,smk0_old1,171,0.09707601368427277,5468.89306640625
AA-CRC (D∪C),6,smk1_ob0,36,0.1111111119389534,10118.560546875
AA-CRC (D∪C),6,smk1_old0,35,0.051428575068712234,11495.4462890625
AA-CRC (D∪C),6,smk1_ob1,39,0.12820513546466827,11819.15625
AA-CRC (D∪C),6,smk1_old1,40,0.17999999225139618,10571.865234375
ReCIRC-TabICL,6,smk0_ob0,173,0.08323699980974197,5245.66259765625
ReCIRC-TabICL,6,smk0_old0,156,0.105128213763237,6360.5810546875
ReCIRC-TabICL,6,smk0_ob1,154,0.12467532604932785,5218.43017578125
ReCIRC-TabICL,6,smk0_old1,171,0.10058479011058807,4204.01904296875
ReCIRC-TabICL,6,smk1_ob0,36,0.10555556416511536,9801.4326171875
ReCIRC-TabICL,6,smk1_old0,35,0.04571428894996643,9954.431640625
ReCIRC-TabICL,6,smk1_ob1,39,0.025641025975346565,10896.1318359375
ReCIRC-TabICL,6,smk1_old1,40,0.07999999821186066,10734.888671875
CRC marginal,7,smk0_ob0,155,0.09290322661399841,7890.267578125
CRC marginal,7,smk0_old0,152,0.09210526198148727,6101.56640625
CRC marginal,7,smk0_ob1,165,0.0896969735622406,7808.4970703125
CRC marginal,7,smk0_old1,168,0.09047619253396988,9428.306640625
CRC marginal,7,smk1_ob0,41,0.053658537566661835,11819.765625
CRC marginal,7,smk1_old0,42,0.14761905372142792,10688.1123046875
CRC marginal,7,smk1_ob1,41,0.2195121943950653,9740.0966796875
CRC marginal,7,smk1_old1,40,0.125,10876.3408203125
AA-CRC (D∪C),7,smk0_ob0,155,0.09419354796409607,7118.0615234375
AA-CRC (D∪C),7,smk0_old0,152,0.08815789222717285,6056.11279296875
AA-CRC (D∪C),7,smk0_ob1,165,0.08727273344993591,6564.2841796875
AA-CRC (D∪C),7,smk0_old1,168,0.09285714477300644,7534.9833984375
AA-CRC (D∪C),7,smk1_ob0,41,0.0585365891456604,14018.185546875
AA-CRC (D∪C),7,smk1_old0,42,0.095238097012043,13566.4208984375
AA-CRC (D∪C),7,smk1_ob1,41,0.15609756112098694,11638.5732421875
AA-CRC (D∪C),7,smk1_old1,40,0.12000000476837158,12053.4345703125
ReCIRC-TabICL,7,smk0_ob0,155,0.11870967596769333,3977.90234375
ReCIRC-TabICL,7,smk0_old0,152,0.1092105284333229,3188.166259765625
ReCIRC-TabICL,7,smk0_ob1,165,0.10666665434837341,4534.443359375
ReCIRC-TabICL,7,smk0_old1,168,0.11547619849443436,5239.02880859375
ReCIRC-TabICL,7,smk1_ob0,41,0.053658537566661835,12370.5
ReCIRC-TabICL,7,smk1_old0,42,0.20000001788139343,8637.4365234375
ReCIRC-TabICL,7,smk1_ob1,41,0.21463415026664734,8979.4296875
ReCIRC-TabICL,7,smk1_old1,40,0.0650000050663948,12814.3681640625
CRC marginal,8,smk0_ob0,165,0.08606061339378357,10195.0537109375
CRC marginal,8,smk0_old0,143,0.0811188817024231,10473.240234375
CRC marginal,8,smk0_ob1,150,0.07199999690055847,9689.68359375
CRC marginal,8,smk0_old1,172,0.07790697365999222,9523.041015625
CRC marginal,8,smk1_ob0,37,0.11891891807317734,8224.6552734375
CRC marginal,8,smk1_old0,44,0.08181818574666977,10656.6416015625
CRC marginal,8,smk1_ob1,50,0.01600000075995922,13834.1826171875
CRC marginal,8,smk1_old1,43,0.03720930218696594,12258.8134765625
AA-CRC (D∪C),8,smk0_ob0,165,0.0981818214058876,8818.7470703125
AA-CRC (D∪C),8,smk0_old0,143,0.08251748979091644,9770.833984375
AA-CRC (D∪C),8,smk0_ob1,150,0.08133333176374435,8089.14990234375
AA-CRC (D∪C),8,smk0_old1,172,0.09651163220405579,7390.90966796875
AA-CRC (D∪C),8,smk1_ob0,37,0.194594606757164,8641.390625
AA-CRC (D∪C),8,smk1_old0,44,0.06818182021379471,12376.3271484375
AA-CRC (D∪C),8,smk1_ob1,50,0.07599999755620956,14940.9052734375
AA-CRC (D∪C),8,smk1_old1,43,0.1860465109348297,12144.6123046875
ReCIRC-TabICL,8,smk0_ob0,165,0.10060606151819229,7573.634765625
ReCIRC-TabICL,8,smk0_old0,143,0.1006992980837822,8407.705078125
ReCIRC-TabICL,8,smk0_ob1,150,0.09733333438634872,6174.32568359375
ReCIRC-TabICL,8,smk0_old1,172,0.0976744145154953,5659.86474609375
ReCIRC-TabICL,8,smk1_ob0,37,0.1297297328710556,6286.0029296875
ReCIRC-TabICL,8,smk1_old0,44,0.15000000596046448,7856.80029296875
ReCIRC-TabICL,8,smk1_ob1,50,0.13199999928474426,10941.53125
ReCIRC-TabICL,8,smk1_old1,43,0.11162791401147842,10092.0810546875
CRC marginal,9,smk0_ob0,161,0.0645962804555893,9637.1494140625
CRC marginal,9,smk0_old0,151,0.07814569771289825,9167.0029296875
CRC marginal,9,smk0_ob1,166,0.07710844278335571,10430.9921875
CRC marginal,9,smk0_old1,176,0.06477272510528564,10789.2509765625
CRC marginal,9,smk1_ob0,34,0.1294117569923401,13094.2578125
CRC marginal,9,smk1_old0,38,0.06315789371728897,12237.1171875
CRC marginal,9,smk1_ob1,41,0.22439023852348328,11040.9111328125
CRC marginal,9,smk1_old1,37,0.30270272493362427,11699.234375
AA-CRC (D∪C),9,smk0_ob0,161,0.07329192012548447,6261.49755859375
AA-CRC (D∪C),9,smk0_old0,151,0.0794702023267746,6379.2900390625
AA-CRC (D∪C),9,smk0_ob1,166,0.08795180916786194,6984.26220703125
AA-CRC (D∪C),9,smk0_old1,176,0.08181818574666977,6842.134765625
AA-CRC (D∪C),9,smk1_ob0,34,0.1294117569923401,12914.0185546875
AA-CRC (D∪C),9,smk1_old0,38,0.05263157933950424,13177.169921875
AA-CRC (D∪C),9,smk1_ob1,41,0.19512194395065308,11542.4833984375
AA-CRC (D∪C),9,smk1_old1,37,0.28108111023902893,11123.9462890625
ReCIRC-TabICL,9,smk0_ob0,161,0.07080744951963425,6205.80126953125
ReCIRC-TabICL,9,smk0_old0,151,0.09006622433662415,5883.8544921875
ReCIRC-TabICL,9,smk0_ob1,166,0.08795180916786194,6542.671875
ReCIRC-TabICL,9,smk0_old1,176,0.07045454531908035,6799.7470703125
ReCIRC-TabICL,9,smk1_ob0,34,0.04117646813392639,13757.5078125
ReCIRC-TabICL,9,smk1_old0,38,0.04736842215061188,14260.85546875
ReCIRC-TabICL,9,smk1_ob1,41,0.1317073106765747,11968.068359375
ReCIRC-TabICL,9,smk1_old1,37,0.13513514399528503,11257.666015625
CRC marginal,10,smk0_ob0,142,0.08591549843549728,7099.68896484375
CRC marginal,10,smk0_old0,140,0.12142857164144516,7568.60009765625
CRC marginal,10,smk0_ob1,173,0.12947978079319,7927.822265625
CRC marginal,10,smk0_old1,175,0.10057143121957779,7543.2294921875
CRC marginal,10,smk1_ob0,34,0.25882354378700256,8589.03515625
CRC marginal,10,smk1_old0,47,0.1148936077952385,8305.271484375
CRC marginal,10,smk1_ob1,53,0.23018869757652283,8151.0419921875
CRC marginal,10,smk1_old1,40,0.39000001549720764,8342.115234375
AA-CRC (D∪C),10,smk0_ob0,142,0.07323943078517914,6745.4091796875
AA-CRC (D∪C),10,smk0_old0,140,0.09571428596973419,8019.39453125
AA-CRC (D∪C),10,smk0_ob1,173,0.12369943410158157,7623.70947265625
AA-CRC (D∪C),10,smk0_old1,175,0.10514286905527115,6594.4833984375
AA-CRC (D∪C),10,smk1_ob0,34,0.21764706075191498,11556.861328125
AA-CRC (D∪C),10,smk1_old0,47,0.07234042882919312,11890.7197265625
AA-CRC (D∪C),10,smk1_ob1,53,0.16981132328510284,11004.76171875
AA-CRC (D∪C),10,smk1_old1,40,0.32499998807907104,10433.044921875
ReCIRC-TabICL,10,smk0_ob0,142,0.11267605423927307,4640.21630859375
ReCIRC-TabICL,10,smk0_old0,140,0.12714284658432007,5795.36083984375
ReCIRC-TabICL,10,smk0_ob1,173,0.13526012003421783,5512.80859375
ReCIRC-TabICL,10,smk0_old1,175,0.1234285831451416,4578.72119140625
ReCIRC-TabICL,10,smk1_ob0,34,0.11176470667123795,9968.751953125
ReCIRC-TabICL,10,smk1_old0,47,0.11063829064369202,8810.83984375
ReCIRC-TabICL,10,smk1_ob1,53,0.12452831119298935,9347.2109375
ReCIRC-TabICL,10,smk1_old1,40,0.12999999523162842,10505.755859375
CRC marginal,11,smk0_ob0,134,0.04925373196601868,9340.572265625
CRC marginal,11,smk0_old0,150,0.04533333331346512,8378.337890625
CRC marginal,11,smk0_ob1,185,0.041081082075834274,10797.3134765625
CRC marginal,11,smk0_old1,169,0.04378698021173477,11789.2822265625
CRC marginal,11,smk1_ob0,46,0.1565217524766922,12250.521484375
CRC marginal,11,smk1_old0,35,0.051428575068712234,11426.0419921875
CRC marginal,11,smk1_ob1,37,0.09189189225435257,10930.4404296875
CRC marginal,11,smk1_old1,48,0.18333333730697632,11834.140625
AA-CRC (D∪C),11,smk0_ob0,134,0.07611940056085587,6151.61572265625
AA-CRC (D∪C),11,smk0_old0,150,0.057333335280418396,5998.134765625
AA-CRC (D∪C),11,smk0_ob1,185,0.05189189314842224,7615.01220703125
AA-CRC (D∪C),11,smk0_old1,169,0.06627219170331955,7889.7841796875
AA-CRC (D∪C),11,smk1_ob0,46,0.1521739363670349,11412.6220703125
AA-CRC (D∪C),11,smk1_old0,35,0.04571428522467613,11573.6171875
AA-CRC (D∪C),11,smk1_ob1,37,0.09189189225435257,10888.2822265625
AA-CRC (D∪C),11,smk1_old1,48,0.18333333730697632,10891.0517578125
ReCIRC-TabICL,11,smk0_ob0,134,0.06865671277046204,4916.810546875
ReCIRC-TabICL,11,smk0_old0,150,0.04533333331346512,4829.998046875
ReCIRC-TabICL,11,smk0_ob1,185,0.05189189314842224,6398.7626953125
ReCIRC-TabICL,11,smk0_old1,169,0.0710059180855751,6616.1181640625
ReCIRC-TabICL,11,smk1_ob0,46,0.08260869234800339,9688.20703125
ReCIRC-TabICL,11,smk1_old0,35,0.10285714268684387,9407.7861328125
ReCIRC-TabICL,11,smk1_ob1,37,0.1459459662437439,9168.7099609375
ReCIRC-TabICL,11,smk1_old1,48,0.11666666716337204,9492.2353515625
CRC marginal,12,smk0_ob0,152,0.0868421122431755,9714.76171875
CRC marginal,12,smk0_old0,174,0.10000000149011612,7949.0849609375
CRC marginal,12,smk0_ob1,173,0.07861272245645523,8498.5654296875
CRC marginal,12,smk0_old1,151,0.06225166097283363,10355.9921875
CRC marginal,12,smk1_ob0,35,0.05714285746216774,12748.3046875
CRC marginal,12,smk1_old0,37,0.0810810774564743,12055.7255859375
CRC marginal,12,smk1_ob1,42,0.1190476194024086,11916.201171875
CRC marginal,12,smk1_old1,40,0.10000000149011612,12515.2294921875
AA-CRC (D∪C),12,smk0_ob0,152,0.09868421405553818,7339.1103515625
AA-CRC (D∪C),12,smk0_old0,174,0.11149425059556961,6869.17822265625
AA-CRC (D∪C),12,smk0_ob1,173,0.08786126971244812,6718.6328125
AA-CRC (D∪C),12,smk0_old1,151,0.07152318209409714,7169.74267578125
AA-CRC (D∪C),12,smk1_ob0,35,0.1314285695552826,12390.7763671875
AA-CRC (D∪C),12,smk1_old0,37,0.08648648858070374,13705.291015625
AA-CRC (D∪C),12,smk1_ob1,42,0.13809524476528168,12982.1787109375
AA-CRC (D∪C),12,smk1_old1,40,0.18000000715255737,11795.822265625
ReCIRC-TabICL,12,smk0_ob0,152,0.08421052992343903,8212.87890625
ReCIRC-TabICL,12,smk0_old0,174,0.0954023003578186,7451.85107421875
ReCIRC-TabICL,12,smk0_ob1,173,0.08439306914806366,6761.78759765625
ReCIRC-TabICL,12,smk0_old1,151,0.07152318209409714,7427.31640625
ReCIRC-TabICL,12,smk1_ob0,35,0.06285714358091354,12461.779296875
ReCIRC-TabICL,12,smk1_old0,37,0.0648648664355278,18297.02734375
ReCIRC-TabICL,12,smk1_ob1,42,0.06190475821495056,21311.39453125
ReCIRC-TabICL,12,smk1_old1,40,0.06000000238418579,16356.271484375
CRC marginal,13,smk0_ob0,141,0.08794326335191727,8681.5458984375
CRC marginal,13,smk0_old0,151,0.08476821333169937,8379.4306640625
CRC marginal,13,smk0_ob1,175,0.04457142949104309,10975.373046875
CRC marginal,13,smk0_old1,165,0.0448484867811203,11390.873046875
CRC marginal,13,smk1_ob0,39,0.025641025975346565,12090.6318359375
CRC marginal,13,smk1_old0,45,0.057777781039476395,12330.7470703125
CRC marginal,13,smk1_ob1,47,0.13617020845413208,12646.044921875
CRC marginal,13,smk1_old1,41,0.1170731782913208,12463.787109375
AA-CRC (D∪C),13,smk0_ob0,141,0.11347517371177673,5687.201171875
AA-CRC (D∪C),13,smk0_old0,151,0.11258278042078018,5638.9267578125
AA-CRC (D∪C),13,smk0_ob1,175,0.06057143211364746,7307.8544921875
AA-CRC (D∪C),13,smk0_old1,165,0.058181822299957275,7450.25439453125
AA-CRC (D∪C),13,smk1_ob0,39,0.05128205195069313,10646.28515625
AA-CRC (D∪C),13,smk1_old0,45,0.0533333346247673,11805.890625
AA-CRC (D∪C),13,smk1_ob1,47,0.14468087255954742,12104.7216796875
AA-CRC (D∪C),13,smk1_old1,41,0.15609757602214813,11045.4150390625
ReCIRC-TabICL,13,smk0_ob0,141,0.12056737393140793,5731.72607421875
ReCIRC-TabICL,13,smk0_old0,151,0.10860926657915115,5810.5224609375
ReCIRC-TabICL,13,smk0_ob1,175,0.05485714599490166,7481.0185546875
ReCIRC-TabICL,13,smk0_old1,165,0.06181818246841431,7514.92578125
ReCIRC-TabICL,13,smk1_ob0,39,0.04102564603090286,8960.826171875
ReCIRC-TabICL,13,smk1_old0,45,0.0533333346247673,12375.568359375
ReCIRC-TabICL,13,smk1_ob1,47,0.12340425699949265,13714.2275390625
ReCIRC-TabICL,13,smk1_old1,41,0.12195122241973877,10661.9599609375
CRC marginal,14,smk0_ob0,145,0.07862069457769394,8274.126953125
CRC marginal,14,smk0_old0,152,0.11315789818763733,7869.509765625
CRC marginal,14,smk0_ob1,185,0.09621620923280716,10662.3828125
CRC marginal,14,smk0_old1,178,0.06741572916507721,11101.8173828125
CRC marginal,14,smk1_ob0,31,0.18709677457809448,9846.9970703125
CRC marginal,14,smk1_old0,38,0.10000000149011612,8817.5546875
CRC marginal,14,smk1_ob1,41,0.17073170840740204,9524.76171875
CRC marginal,14,smk1_old1,34,0.2647058963775635,10608.97265625
AA-CRC (D∪C),14,smk0_ob0,145,0.08827586472034454,6360.31201171875
AA-CRC (D∪C),14,smk0_old0,152,0.11578947305679321,7244.8486328125
AA-CRC (D∪C),14,smk0_ob1,185,0.10486487299203873,9021.4072265625
AA-CRC (D∪C),14,smk0_old1,178,0.08202247321605682,8370.72265625
AA-CRC (D∪C),14,smk1_ob0,31,0.16129031777381897,10541.369140625
AA-CRC (D∪C),14,smk1_old0,38,0.057894736528396606,11223.5654296875
AA-CRC (D∪C),14,smk1_ob1,41,0.1317073255777359,11672.376953125
AA-CRC (D∪C),14,smk1_old1,34,0.24117648601531982,11142.77734375
ReCIRC-TabICL,14,smk0_ob0,145,0.12689656019210815,5564.6533203125
ReCIRC-TabICL,14,smk0_old0,152,0.14473684132099152,6137.14990234375
ReCIRC-TabICL,14,smk0_ob1,185,0.10270269960165024,7328.2080078125
ReCIRC-TabICL,14,smk0_old1,178,0.0865168571472168,6908.6875
ReCIRC-TabICL,14,smk1_ob0,31,0.16774192452430725,8588.62109375
ReCIRC-TabICL,14,smk1_old0,38,0.08421052247285843,8593.685546875
ReCIRC-TabICL,14,smk1_ob1,41,0.09268292784690857,9837.73828125
ReCIRC-TabICL,14,smk1_old1,34,0.17058824002742767,10089.2490234375
CRC marginal,15,smk0_ob0,154,0.08181818574666977,5810.50341796875
CRC marginal,15,smk0_old0,161,0.10559006035327911,6108.82861328125
CRC marginal,15,smk0_ob1,170,0.09882352501153946,7737.796875
CRC marginal,15,smk0_old1,163,0.07607361674308777,7525.900390625
CRC marginal,15,smk1_ob0,33,0.06060606241226196,11922.158203125
CRC marginal,15,smk1_old0,36,0.11666665971279144,9589.2646484375
CRC marginal,15,smk1_ob1,45,0.1733333319425583,9005.9482421875
CRC marginal,15,smk1_old1,42,0.13333332538604736,10797.2705078125
AA-CRC (D∪C),15,smk0_ob0,154,0.07532466948032379,4976.703125
AA-CRC (D∪C),15,smk0_old0,161,0.09440994262695312,5708.640625
AA-CRC (D∪C),15,smk0_ob1,170,0.09882352501153946,6394.029296875
AA-CRC (D∪C),15,smk0_old1,163,0.08098159730434418,5731.9404296875
AA-CRC (D∪C),15,smk1_ob0,33,0.05454545468091965,13656.291015625
AA-CRC (D∪C),15,smk1_old0,36,0.1111111119389534,11724.484375
AA-CRC (D∪C),15,smk1_ob1,45,0.19111110270023346,10042.466796875
AA-CRC (D∪C),15,smk1_old1,42,0.15238095819950104,11440.1708984375
ReCIRC-TabICL,15,smk0_ob0,154,0.09870130568742752,4104.5146484375
ReCIRC-TabICL,15,smk0_old0,161,0.1031055897474289,4591.400390625
ReCIRC-TabICL,15,smk0_ob1,170,0.08588235825300217,6533.70654296875
ReCIRC-TabICL,15,smk0_old1,163,0.08098159730434418,6157.11572265625
ReCIRC-TabICL,15,smk1_ob0,33,0.024242425337433815,12536.330078125
ReCIRC-TabICL,15,smk1_old0,36,0.0833333432674408,12472.08203125
ReCIRC-TabICL,15,smk1_ob1,45,0.10222221165895462,10772.5400390625
ReCIRC-TabICL,15,smk1_old1,42,0.05714286118745804,10701.626953125
CRC marginal,16,smk0_ob0,153,0.03921568766236305,9942.36328125
CRC marginal,16,smk0_old0,145,0.059310346841812134,9426.7998046875
CRC marginal,16,smk0_ob1,164,0.08536585420370102,11116.1337890625
CRC marginal,16,smk0_old1,172,0.06627906858921051,11496.171875
CRC marginal,16,smk1_ob0,45,0.08888889104127884,13836.1123046875
CRC marginal,16,smk1_old0,55,0.06909091025590897,12689.4306640625
CRC marginal,16,smk1_ob1,40,0.13500000536441803,11755.765625
CRC marginal,16,smk1_old1,30,0.18666668236255646,13164.5634765625
AA-CRC (D∪C),16,smk0_ob0,153,0.05882352963089943,7143.88623046875
AA-CRC (D∪C),16,smk0_old0,145,0.06896551698446274,7567.06787109375
AA-CRC (D∪C),16,smk0_ob1,164,0.09878049045801163,8628.90234375
AA-CRC (D∪C),16,smk0_old1,172,0.08837208896875381,8203.0810546875
AA-CRC (D∪C),16,smk1_ob0,45,0.08000000566244125,13491.91015625
AA-CRC (D∪C),16,smk1_old0,55,0.058181826025247574,13681.0205078125
AA-CRC (D∪C),16,smk1_ob1,40,0.12999999523162842,12789.650390625
AA-CRC (D∪C),16,smk1_old1,30,0.18666668236255646,12208.859375
ReCIRC-TabICL,16,smk0_ob0,153,0.08366013318300247,5428.6953125
ReCIRC-TabICL,16,smk0_old0,145,0.09793104231357574,5793.6123046875
ReCIRC-TabICL,16,smk0_ob1,164,0.1036585345864296,6217.369140625
ReCIRC-TabICL,16,smk0_old1,172,0.09069766849279404,5873.05322265625
ReCIRC-TabICL,16,smk1_ob0,45,0.10222221165895462,11697.431640625
ReCIRC-TabICL,16,smk1_old0,55,0.12727271020412445,11323.22265625
ReCIRC-TabICL,16,smk1_ob1,40,0.14000000059604645,10762.130859375
ReCIRC-TabICL,16,smk1_old1,30,0.1066666692495346,11136.4130859375
CRC marginal,17,smk0_ob0,147,0.10340136289596558,7181.4326171875
CRC marginal,17,smk0_old0,161,0.09565217047929764,7523.6259765625
CRC marginal,17,smk0_ob1,172,0.07209301739931107,7755.806640625
CRC marginal,17,smk0_old1,158,0.07721518725156784,7458.01025390625
CRC marginal,17,smk1_ob0,38,0.15263158082962036,9323.767578125
CRC marginal,17,smk1_old0,39,0.08717948943376541,9854.8994140625
CRC marginal,17,smk1_ob1,45,0.0533333346247673,12611.453125
CRC marginal,17,smk1_old1,44,0.10909091681241989,12215.3974609375
AA-CRC (D∪C),17,smk0_ob0,147,0.1061224490404129,6229.1171875
AA-CRC (D∪C),17,smk0_old0,161,0.09440994262695312,7164.3251953125
AA-CRC (D∪C),17,smk0_ob1,172,0.08488371968269348,6599.169921875
AA-CRC (D∪C),17,smk0_old1,158,0.09493670612573624,5678.994140625
AA-CRC (D∪C),17,smk1_ob0,38,0.1631578952074051,9987.66796875
AA-CRC (D∪C),17,smk1_old0,39,0.07179486751556396,11324.5830078125
AA-CRC (D∪C),17,smk1_ob1,45,0.04888888821005821,13094.89453125
AA-CRC (D∪C),17,smk1_old1,44,0.12727272510528564,11980.5185546875
ReCIRC-TabICL,17,smk0_ob0,147,0.10340136289596558,5110.1728515625
ReCIRC-TabICL,17,smk0_old0,161,0.08447205275297165,6119.32373046875
ReCIRC-TabICL,17,smk0_ob1,172,0.08139535039663315,5000.8544921875
ReCIRC-TabICL,17,smk0_old1,158,0.09873418509960175,3962.856689453125
ReCIRC-TabICL,17,smk1_ob0,38,0.07894736528396606,11428.1171875
ReCIRC-TabICL,17,smk1_old0,39,0.08717948198318481,11564.958984375
ReCIRC-TabICL,17,smk1_ob1,45,0.06222222000360489,11824.892578125
ReCIRC-TabICL,17,smk1_old1,44,0.054545458406209946,11712.6201171875
CRC marginal,18,smk0_ob0,166,0.11325300484895706,6082.61572265625
CRC marginal,18,smk0_old0,163,0.0907975435256958,6634.93798828125
CRC marginal,18,smk0_ob1,163,0.09447852522134781,7777.42333984375
CRC marginal,18,smk0_old1,166,0.11686748266220093,7204.45458984375
CRC marginal,18,smk1_ob0,41,0.22926831245422363,6732.201171875
CRC marginal,18,smk1_old0,35,0.1600000113248825,7833.81494140625
CRC marginal,18,smk1_ob1,32,0.08124999701976776,9764.6494140625
CRC marginal,18,smk1_old1,38,0.16842107474803925,8271.1962890625
AA-CRC (D∪C),18,smk0_ob0,166,0.10963855683803558,5719.17822265625
AA-CRC (D∪C),18,smk0_old0,163,0.07852759957313538,6798.591796875
AA-CRC (D∪C),18,smk0_ob1,163,0.10184048116207123,6496.06005859375
AA-CRC (D∪C),18,smk0_old1,166,0.1325301229953766,5422.1142578125
AA-CRC (D∪C),18,smk1_ob0,41,0.18048781156539917,8850.5576171875
AA-CRC (D∪C),18,smk1_old0,35,0.08571428805589676,11452.4716796875
AA-CRC (D∪C),18,smk1_ob1,32,0.03750000149011612,12228.611328125
AA-CRC (D∪C),18,smk1_old1,38,0.1473684310913086,9298.7333984375
ReCIRC-TabICL,18,smk0_ob0,166,0.15301205217838287,3866.1845703125
ReCIRC-TabICL,18,smk0_old0,163,0.12515337765216827,4808.98583984375
ReCIRC-TabICL,18,smk0_ob1,163,0.11901840567588806,5176.47412109375
ReCIRC-TabICL,18,smk0_old1,166,0.1469879448413849,4227.03076171875
ReCIRC-TabICL,18,smk1_ob0,41,0.21463415026664734,7617.14404296875
ReCIRC-TabICL,18,smk1_old0,35,0.11428571492433548,9216.6630859375
ReCIRC-TabICL,18,smk1_ob1,32,0.0625,9761.4326171875
ReCIRC-TabICL,18,smk1_old1,38,0.17894737422466278,7949.619140625
CRC marginal,19,smk0_ob0,152,0.12368422001600266,5418.12646484375
CRC marginal,19,smk0_old0,151,0.14304636418819427,6175.37353515625
CRC marginal,19,smk0_ob1,172,0.10232559591531754,7685.73828125
CRC marginal,19,smk0_old1,173,0.08554913103580475,7011.6806640625
CRC marginal,19,smk1_ob0,41,0.11219513416290283,9497.5517578125
CRC marginal,19,smk1_old0,31,0.10322581231594086,9366.3984375
CRC marginal,19,smk1_ob1,37,0.05945945903658867,9491.5302734375
CRC marginal,19,smk1_old1,47,0.0765957459807396,9579.31640625
AA-CRC (D∪C),19,smk0_ob0,152,0.11184210330247879,4292.20458984375
AA-CRC (D∪C),19,smk0_old0,151,0.1099337786436081,6109.26220703125
AA-CRC (D∪C),19,smk0_ob1,172,0.09418605268001556,6766.54931640625
AA-CRC (D∪C),19,smk0_old1,173,0.09595376253128052,5166.26025390625
AA-CRC (D∪C),19,smk1_ob0,41,0.12682928144931793,10448.9658203125
AA-CRC (D∪C),19,smk1_old0,31,0.08387096971273422,12171.708984375
AA-CRC (D∪C),19,smk1_ob1,37,0.04324324429035187,11747.7255859375
AA-CRC (D∪C),19,smk1_old1,47,0.08936169743537903,10335.1162109375
ReCIRC-TabICL,19,smk0_ob0,152,0.1473684310913086,3433.515625
ReCIRC-TabICL,19,smk0_old0,151,0.1284768283367157,4918.54736328125
ReCIRC-TabICL,19,smk0_ob1,172,0.09302325546741486,6359.74267578125
ReCIRC-TabICL,19,smk0_old1,173,0.10982658714056015,5046.64453125
ReCIRC-TabICL,19,smk1_ob0,41,0.0731707289814949,10504.6513671875
ReCIRC-TabICL,19,smk1_old0,31,0.09677419811487198,11709.0751953125
ReCIRC-TabICL,19,smk1_ob1,37,0.07027027755975723,9842.0869140625
ReCIRC-TabICL,19,smk1_old1,47,0.055319152772426605,9188.6494140625
