metric,comparison,mean_diff,se,ci95_low,ci95_high
risk,crc - recirc,0.005578182052491685,0.0022590608834406442,0.0011504227209480225,0.010005941384035346
risk,aacrc_poly - recirc,0.0034333874448741536,0.0007799567701894922,0.001904672175302749,0.004962102714445558
risk,aacrc_rf - recirc,0.006763722331269416,0.001342481927418859,0.004132457753528452,0.00939498690901038
risk,oracle - recirc,-0.0007223708783221907,0.0008600509969590109,-0.002408070832361852,0.0009633290757174708
worst_bin_risk,crc - recirc,0.12097989269441689,0.00562073481201062,0.10996325246287608,0.1319965329259577
worst_bin_risk,aacrc_poly - recirc,0.0006639537430439379,0.002862762465228061,-0.004947060688803061,0.006274968174890937
worst_bin_risk,aacrc_rf - recirc,0.018201525786194984,0.004498157305105298,0.0093851374681886,0.027017914104201367
worst_bin_risk,oracle - recirc,-0.008735093688857444,0.0027312503980412585,-0.014088344469018311,-0.0033818429086965775
mean_bin_excess,crc - recirc,0.0328895938936603,0.0015101222806843074,0.029929754223519057,0.03584943356380154
mean_bin_excess,aacrc_poly - recirc,-0.00024194665491500782,0.0006834249616162376,-0.0015814595796828335,0.0010975662698528177
mean_bin_excess,aacrc_rf - recirc,0.004024595372911126,0.0010408190947092102,0.001984589947281074,0.006064600798541178
mean_bin_excess,oracle - recirc,-0.0024514402254959267,0.0007325550252694463,-0.0038872480750240415,-0.0010156323759678118
mean_width,crc - recirc,0.10447200000000023,0.022078446856129814,0.0611982441619858,0.14774575583801466
mean_width,aacrc_poly - recirc,-0.03791798400171535,0.011348617857683685,-0.06016127500277538,-0.01567469300065533
mean_width,aacrc_rf - recirc,-0.04415696584801339,0.012555524652455862,-0.06876579416682688,-0.0195481375291999
mean_width,oracle - recirc,-0.008052000000000059,0.010308530999537279,-0.028256720759093124,0.012152720759093006
