method,risk,coverage,worst_bin_risk,mean_bin_excess,mean_width,lambda_sd,lambda_min_rate,lambda_max_rate,trial,seed
crc,0.09922664616250415,0.719,0.2364584516888855,0.03709392080818199,1.68,0.0,0.0,0.0,0,2027
aacrc_poly,0.08311076544060444,0.657,0.10564067298528743,0.001128134597057484,1.7140221833759677,0.5298721871359275,0.0,0.0,0,2027
aacrc_rf,0.0955083635892117,0.657,0.1347507736268396,0.008392863769004458,1.6569410413325492,0.461756769213577,0.02,0.0,0,2027
recirc,0.08014935968867153,0.669,0.09883406792868926,0.0,1.7304000000000002,0.4669207373580392,0.0,0.0,0,2027
oracle,0.08135826690685842,0.654,0.09337987801000201,0.0,1.7136,0.4992656870106599,0.0,0.0,0,2027
crc,0.09559155352442403,0.746,0.2677869552156418,0.04156578627779018,1.68,0.0,0.0,0.0,1,2028
aacrc_poly,0.09363458092474813,0.637,0.12714365695556373,0.0054287313911127455,1.5085094006958046,0.4626786192271928,0.0,0.0,1,2028
aacrc_rf,0.10273105483099866,0.612,0.15918851265159076,0.013389629099002123,1.4419972757458868,0.43928092153038784,0.0,0.0,1,2028
recirc,0.08825761544696907,0.631,0.10658816331073283,0.0013176326621465646,1.6162400000000003,0.5679569003372005,0.0,0.0,1,2028
oracle,0.08659020763901167,0.646,0.11281301310478634,0.0025626026209572663,1.60352,0.5055560199318067,0.0,0.0,1,2028
crc,0.09541381637001255,0.746,0.24082052432833534,0.03629908075776312,1.8400000000000003,1.110778552818352e-16,0.0,0.0,2,2029
aacrc_poly,0.10188137848388815,0.603,0.11458822469043145,0.004040980771176583,1.5946376682222934,0.46934495817222127,0.0,0.0,2,2029
aacrc_rf,0.11111192426288677,0.581,0.13039362512320227,0.011445357615219993,1.5594284256511814,0.46266831554752574,0.0,0.0,2,2029
recirc,0.09506822938721544,0.614,0.10753790839259088,0.002405372720122645,1.68256,0.5074578554669097,0.0,0.0,2,2029
oracle,0.09982790154129885,0.602,0.11842594412209133,0.0036851888244182644,1.6306399999999999,0.49784691336710035,0.0,0.0,2,2029
crc,0.09603408819511004,0.737,0.22546073113353468,0.03572891413347494,1.7600000000000005,2.221557105636704e-16,0.0,0.0,3,2030
aacrc_poly,0.09179650981186374,0.655,0.10131900931790624,0.000426933588118858,1.6593808735556363,0.4907902934496786,0.0,0.0,3,2030
aacrc_rf,0.09511821366308566,0.652,0.11801202713604525,0.006009855858282276,1.6676018588200103,0.4724497330383357,0.0,0.0,3,2030
recirc,0.09517511634039731,0.63,0.11289787670076887,0.0025795753401537725,1.6211200000000001,0.4689319605055552,0.0,0.0,3,2030
oracle,0.09248702261766753,0.627,0.09954335257096052,0.0,1.66072,0.496256123932532,0.0,0.0,3,2030
crc,0.09541318572078965,0.737,0.21102070396846223,0.032062722813970504,1.7600000000000005,2.221557105636704e-16,0.0,0.0,4,2031
aacrc_poly,0.10428159018242884,0.558,0.1374591237176277,0.008845312492738197,1.5212328859464774,0.5004590267024375,0.0,0.0,4,2031
aacrc_rf,0.10724415085076612,0.583,0.13748622209259345,0.011780856837791573,1.4954948534862629,0.45206717296147514,0.0,0.0,4,2031
recirc,0.10157276639587652,0.588,0.13000042741362236,0.012125848784053723,1.5107199999999998,0.4565133895899165,0.0,0.0,4,2031
oracle,0.09825072975086091,0.574,0.1213415060686191,0.0042683012137238185,1.54776,0.4742035582053498,0.003,0.0,4,2031
crc,0.12208472569616889,0.697,0.29000772386309726,0.06014524972300269,1.68,0.0,0.0,0.0,5,2032
aacrc_poly,0.10748874806791411,0.609,0.1385983379912565,0.013026768292122681,1.672646309099492,0.4882126290504199,0.0,0.0,5,2032
aacrc_rf,0.10771341677890114,0.629,0.16352339218804413,0.014519817801949438,1.6818233019870095,0.44696579736817776,0.0,0.0,5,2032
recirc,0.10806114563268122,0.619,0.15182223904076475,0.01770676532381095,1.6812799999999999,0.4578677027627448,0.0,0.0,5,2032
oracle,0.09938534341152769,0.623,0.1239546055524623,0.0071315511985016984,1.7741600000000002,0.5220912303925942,0.0,0.0,5,2032
crc,0.10133293682836265,0.741,0.278563998891394,0.045725861619599587,1.7600000000000005,2.221557105636704e-16,0.0,0.0,6,2033
aacrc_poly,0.09559098955891693,0.585,0.12830504656266098,0.005661009312532194,1.5650141731549467,0.45846394861209516,0.0,0.0,6,2033
aacrc_rf,0.09638379949638506,0.613,0.18195965544402518,0.016391931088805035,1.5907911202055975,0.43144878277231163,0.0,0.0,6,2033
recirc,0.09520509320041622,0.602,0.13051457544775985,0.008399989673160805,1.58264,0.48186144071511683,0.0,0.0,6,2033
oracle,0.090020865807778,0.596,0.11064470616282616,0.002128941232565232,1.6276,0.49719288084279806,0.0,0.0,6,2033
crc,0.08303069726875878,0.759,0.21038092291998658,0.02735094791339328,1.8400000000000003,1.110778552818352e-16,0.0,0.0,7,2034
aacrc_poly,0.0743586945435083,0.67,0.08097250980028659,0.0,1.7453034270694543,0.5292938129769198,0.0,0.0,7,2034
aacrc_rf,0.07614238539527675,0.69,0.10024296335328925,4.859267065784878e-05,1.762569493255339,0.5273873629951664,0.0,0.0,7,2034
recirc,0.06467158801378523,0.717,0.06963924951397102,0.0,1.8337600000000003,0.5417177528231134,0.0,0.0,7,2034
oracle,0.0685766954743548,0.687,0.07158223919828162,0.0,1.79032,0.5187516531806695,0.0,0.0,7,2034
crc,0.10279252157062209,0.716,0.2384739413883067,0.03943513114250612,1.7600000000000005,2.221557105636704e-16,0.0,0.0,8,2035
aacrc_poly,0.09867346849433639,0.624,0.11547162278576525,0.004857214477462316,1.650679668887077,0.46807855895714523,0.0,0.0,8,2035
aacrc_rf,0.10600220349460344,0.631,0.12819399173924229,0.01144650284350763,1.6854424037213447,0.49926432041431684,0.0,0.0,8,2035
recirc,0.09304274880772587,0.662,0.11745812076022624,0.005140075107008632,1.73232,0.4954605287361805,0.0,0.0,8,2035
oracle,0.09524595912388707,0.617,0.10198256248895449,0.00039651249779089625,1.70672,0.507422297290716,0.0,0.0,8,2035
crc,0.1036780590852788,0.711,0.2417345457713477,0.041713973114699626,1.6000000000000003,1.110778552818352e-16,0.0,0.0,9,2036
aacrc_poly,0.08830915566952197,0.633,0.1072387658244509,0.001447753164890178,1.5683166885273763,0.45269146387941395,0.025,0.0,9,2036
aacrc_rf,0.09201433958047986,0.617,0.12701264398957068,0.005402528797914136,1.5571006707664017,0.4567858774466506,0.0,0.0,9,2036
recirc,0.08737879300742736,0.648,0.1333160529076278,0.006663210581525558,1.6088000000000002,0.4866175465770184,0.0,0.0,9,2036
oracle,0.08787707952744464,0.628,0.09349802174066589,0.0,1.5943200000000002,0.49737321451251726,0.0,0.0,9,2036
crc,0.09212151798313846,0.75,0.20525249028236645,0.031774960976618395,1.7600000000000005,2.221557105636704e-16,0.0,0.0,10,2037
aacrc_poly,0.09601230046722038,0.602,0.10841317248290036,0.00456916461902791,1.6659207585383997,0.5891654406245673,0.0,0.0,10,2037
aacrc_rf,0.09777114920773253,0.601,0.1425294323300195,0.008505886466003898,1.653359995855452,0.5776578682180504,0.0,0.0,10,2037
recirc,0.08703470660209141,0.665,0.10282809031440579,0.0005656180628811569,1.67128,0.4981408784016172,0.0,0.0,10,2037
oracle,0.08847764751290814,0.643,0.09247116876248357,0.0,1.674,0.5061185196729675,0.0,0.0,10,2037
crc,0.09240557883132962,0.76,0.23073443939256655,0.035158096727805996,1.8400000000000003,1.110778552818352e-16,0.0,0.0,11,2038
aacrc_poly,0.08781946678982057,0.618,0.09505777362862464,0.0,1.6868161724849664,0.5424795624668108,0.0,0.0,11,2038
aacrc_rf,0.09021771644197077,0.647,0.12296652312672282,0.004593304625344563,1.6856640585133302,0.4778549639366548,0.0,0.0,11,2038
recirc,0.0797097468061182,0.662,0.09324656463229292,0.0,1.81592,0.5848735893468908,0.0,0.0,11,2038
oracle,0.08255674994257933,0.625,0.08944004089677988,0.0,1.7222399999999998,0.5227986840687953,0.0,0.0,11,2038
crc,0.09123085107051074,0.752,0.21720613838532643,0.03021202657097067,1.7600000000000005,2.221557105636704e-16,0.0,0.0,12,2039
aacrc_poly,0.0947001581963597,0.608,0.1122549479681494,0.0024509895936298794,1.531926488291536,0.4732921279987716,0.0,0.0,12,2039
aacrc_rf,0.09667846633021052,0.603,0.1149340120480853,0.007432725802922602,1.5407645772771097,0.46755973238816256,0.0,0.0,12,2039
recirc,0.09179625562169158,0.63,0.12978555268024553,0.005957110536049104,1.58048,0.5228649253202304,0.0,0.0,12,2039
oracle,0.0878536201393325,0.624,0.10506791058364197,0.0010135821167283926,1.61232,0.5159762454666744,0.0,0.0,12,2039
crc,0.08923148522367107,0.755,0.23481916929031676,0.03141420083120672,1.8400000000000003,1.110778552818352e-16,0.0,0.0,13,2040
aacrc_poly,0.09157762949331834,0.603,0.10714977451338652,0.0014299549026773023,1.6207992373065523,0.4767800927545059,0.0,0.0,13,2040
aacrc_rf,0.09511422284676876,0.608,0.1330946287683781,0.010591643953801595,1.6403392596517494,0.47690436511170736,0.0,0.0,13,2040
recirc,0.08613980302827665,0.635,0.10284967324374636,0.0005699346487492707,1.69896,0.5259927737127176,0.0,0.0,13,2040
oracle,0.08906788078352891,0.612,0.09709228289330467,0.0,1.64392,0.4956953421934407,0.0,0.0,13,2040
crc,0.10551409530684376,0.733,0.22872005622140662,0.044472235637523595,1.68,0.0,0.0,0.0,14,2041
aacrc_poly,0.09354134528682283,0.62,0.11617271010568007,0.003629783213169857,1.6533798780995748,0.550075746114329,0.019,0.0,14,2041
aacrc_rf,0.10007848652018063,0.605,0.12008091223335499,0.004231630102666717,1.599899677303205,0.5244692641792671,0.0,0.0,14,2041
recirc,0.08777747643037301,0.667,0.11582863511641676,0.0037170389414817708,1.6973600000000002,0.5078631534011723,0.0,0.0,14,2041
oracle,0.0920315916236301,0.636,0.11529598354132232,0.0030591967082644637,1.62608,0.4983861426114767,0.0,0.0,14,2041
crc,0.10424224800242246,0.719,0.23968553992765584,0.04564987864618368,1.8400000000000003,1.110778552818352e-16,0.0,0.0,15,2042
aacrc_poly,0.09657305296346709,0.587,0.12611999336335158,0.006974762488884284,1.7325952215233693,0.6014497526316122,0.0,0.0,15,2042
aacrc_rf,0.0973086344677034,0.616,0.12560498037175322,0.00527020210308587,1.700086081049729,0.547975201518669,0.0,0.0,15,2042
recirc,0.09519484798885325,0.609,0.11939629432623089,0.006009176420811396,1.7320799999999998,0.553598762634085,0.0,0.0,15,2042
oracle,0.09060425645403018,0.609,0.11585420020830002,0.004071778564021561,1.7428000000000001,0.5317616105083277,0.0,0.0,15,2042
crc,0.07326741130974665,0.788,0.16958926216392517,0.01857239226334679,1.8400000000000003,1.110778552818352e-16,0.0,0.0,16,2043
aacrc_poly,0.09645178360976897,0.587,0.10604035879751582,0.0030830178770378082,1.4300671249620864,0.44567569497882964,0.0,0.0,16,2043
aacrc_rf,0.09108369698818515,0.604,0.09665675764521112,0.0,1.4779496291146805,0.4454513995126044,0.0,0.0,16,2043
recirc,0.09386985510279731,0.606,0.11102175571194854,0.002429503117800719,1.514,0.5257194888730881,0.0,0.0,16,2043
oracle,0.09578187443448681,0.595,0.10829600207111403,0.0020484823567661235,1.44944,0.46720702478024023,0.0,0.0,16,2043
crc,0.09680369521776251,0.753,0.26359861224397985,0.03833403005173887,1.9200000000000008,4.443114211273408e-16,0.0,0.0,17,2044
aacrc_poly,0.08860541723829325,0.634,0.10212632618141164,0.0004252652362823267,1.7689438168007479,0.555695617218363,0.008,0.0,17,2044
aacrc_rf,0.09403753502333213,0.646,0.1535901957915441,0.013151232081893316,1.7853746186399349,0.5234040861139637,0.0,0.0,17,2044
recirc,0.08764414736536164,0.648,0.11036235523964667,0.0031610929568487546,1.8011199999999998,0.5881196911948886,0.0,0.0,17,2044
oracle,0.08202387445707132,0.68,0.10596009843341504,0.0011920196866830074,1.80656,0.530580396506653,0.0,0.0,17,2044
crc,0.09761876597156137,0.724,0.22466675853637816,0.03760383173406086,1.68,0.0,0.0,0.0,18,2045
aacrc_poly,0.1048757419152571,0.564,0.13953138628282458,0.01201221863693121,1.5927423072070601,0.6005348066197953,0.0,0.0,18,2045
aacrc_rf,0.103824267972077,0.582,0.11651885564449602,0.008129810573523258,1.5614536144956572,0.5036372772599788,0.0,0.0,18,2045
recirc,0.1032906793156153,0.585,0.1095318715888261,0.005263554546039456,1.5180799999999999,0.49301901195202014,0.0,0.0,18,2045
oracle,0.10162778216829646,0.573,0.11218705822512956,0.004474739310448403,1.5364,0.49192555407373456,0.002,0.0,18,2045
crc,0.08920937453525306,0.74,0.22486509280780523,0.03254033697015606,1.7600000000000005,2.221557105636704e-16,0.0,0.0,19,2046
aacrc_poly,0.09406458458386147,0.599,0.1039238654381785,0.0007847730876356984,1.5492660362168753,0.5321413602367161,0.0,0.0,19,2046
aacrc_rf,0.09387003170906984,0.622,0.1175386149522728,0.004819236207633859,1.5633387261673026,0.5003450705271812,0.0,0.0,19,2046
recirc,0.0942175702706226,0.604,0.10613094032727936,0.0012261880654558716,1.56272,0.5436080022038492,0.0,0.0,19,2046
oracle,0.09058684594144048,0.609,0.09671575612009145,0.0,1.5664,0.5077869706950028,0.0,0.0,19,2046
