lambda_crc,a_recirc,a_oracle,aacrc_time,aacrc_attempts,aacrc_objective,trial,seed
0.84,0.08,0.09,5.460312366485596,1,-10.21065043651689,0,2027
0.84,0.09,0.1,15.671746015548706,1,-10.21136819725972,1,2028
0.92,0.09,0.1,11.42511248588562,1,-10.200727128443935,2,2029
0.88,0.1,0.1,19.271427869796753,1,-10.20663541223465,3,2030
0.88,0.11,0.11,17.012932777404785,1,-10.202579966237726,4,2031
0.84,0.09,0.09,26.426045417785645,1,-10.206373529742127,5,2032
0.88,0.11,0.1,16.528522491455078,1,-10.203713111485325,6,2033
0.92,0.07,0.08,10.136908292770386,1,-10.201766545225842,7,2034
0.88,0.07,0.09,28.69025230407715,1,-10.207059076638014,8,2035
0.8,0.08,0.1,12.917018175125122,1,-10.214515589816381,9,2036
0.88,0.09,0.09,11.748005390167236,1,-10.20661425042024,10,2037
0.92,0.08,0.09,25.025667667388916,1,-10.198913813219498,11,2038
0.88,0.1,0.1,17.287733554840088,1,-10.206648051642022,12,2039
0.92,0.09,0.1,36.01155686378479,1,-10.205626743292374,13,2040
0.84,0.08,0.1,22.22499108314514,1,-10.209631374702772,14,2041
0.92,0.09,0.09,33.212201833724976,1,-10.203239126923558,15,2042
0.92,0.11,0.11,9.478001117706299,1,-10.202962211825596,16,2043
0.96,0.09,0.08,14.2303626537323,1,-10.195981318721026,17,2044
0.84,0.11,0.11,19.20520853996277,1,-10.207062024708813,18,2045
0.88,0.1,0.1,22.122222661972046,1,-10.204276232981742,19,2046
