group,a,risk,trials
Overall,0.0,0.00019593711288179013,20
Bin 1,0.0,1.397321269846e-05,20
Bin 2,0.0,0.0,20
Bin 3,0.0,0.0,20
Bin 4,0.0,7.56778991954048e-05,20
Bin 5,0.0,0.0008900344525151737,20
Overall,0.01,0.014466332385124101,20
Bin 1,0.01,0.00945631994213228,20
Bin 2,0.01,0.01186325201257256,20
Bin 3,0.01,0.01312595758730877,20
Bin 4,0.01,0.016640605930257478,20
Bin 5,0.01,0.021245526453349407,20
Overall,0.02,0.023289419785409375,20
Bin 1,0.02,0.018286432544243714,20
Bin 2,0.02,0.02039306140928786,20
Bin 3,0.02,0.021460719173993843,20
Bin 4,0.02,0.02551543712758253,20
Bin 5,0.02,0.03079144867193894,20
Overall,0.03,0.03232596222953613,20
Bin 1,0.03,0.02712953662408952,20
Bin 2,0.03,0.029309161137861445,20
Bin 3,0.03,0.03035827803131772,20
Bin 4,0.03,0.0343504531560779,20
Bin 5,0.03,0.04048238219833414,20
Overall,0.04,0.04153118397127664,20
Bin 1,0.04,0.035619752775101834,20
Bin 2,0.04,0.03880629589254047,20
Bin 3,0.04,0.0387027620026557,20
Bin 4,0.04,0.043611302487358575,20
Bin 5,0.04,0.050915806698726605,20
Overall,0.05,0.05082067891725922,20
Bin 1,0.05,0.043802719378309284,20
Bin 2,0.05,0.04846910264215061,20
Bin 3,0.05,0.048002027620426546,20
Bin 4,0.05,0.05321401744044431,20
Bin 5,0.05,0.06061552750496535,20
Overall,0.06,0.06020856411383364,20
Bin 1,0.06,0.05179935657923908,20
Bin 2,0.06,0.058502114063849954,20
Bin 3,0.06,0.056739168546431254,20
Bin 4,0.06,0.06242915015003266,20
Bin 5,0.06,0.07157303122961518,20
Overall,0.07,0.06977944247630245,20
Bin 1,0.07,0.060322784684284425,20
Bin 2,0.07,0.06784520701881688,20
Bin 3,0.07,0.06523463630421075,20
Bin 4,0.07,0.07238851680483784,20
Bin 5,0.07,0.08310606756936237,20
Overall,0.08,0.07957085720823696,20
Bin 1,0.08,0.06880667152277165,20
Bin 2,0.08,0.07713729664555016,20
Bin 3,0.08,0.07443738538147832,20
Bin 4,0.08,0.0841051752299565,20
Bin 5,0.08,0.09336775726142822,20
Overall,0.09,0.08940451856551715,20
Bin 1,0.09,0.07749232446057064,20
Bin 2,0.09,0.08675917517683332,20
Bin 3,0.09,0.08389878792566212,20
Bin 4,0.09,0.09562606121529096,20
Bin 5,0.09,0.1032462440492288,20
Overall,0.1,0.09914614840862696,20
Bin 1,0.1,0.0861079600641374,20
Bin 2,0.1,0.09643379560010114,20
Bin 3,0.1,0.09294216030540972,20
Bin 4,0.1,0.1060834710608443,20
Bin 5,0.1,0.11416335501264216,20
Overall,0.11,0.10891796308094723,20
Bin 1,0.11,0.09475160808956876,20
Bin 2,0.11,0.10641824152785666,20
Bin 3,0.11,0.10186477215112773,20
Bin 4,0.11,0.11627451791082093,20
Bin 5,0.11,0.12528067572536203,20
Overall,0.12,0.11874773361135046,20
Bin 1,0.12,0.10369558593772765,20
Bin 2,0.12,0.11622929240876143,20
Bin 3,0.12,0.11170445404341633,20
Bin 4,0.12,0.12621064613746444,20
Bin 5,0.12,0.1358986895293825,20
Overall,0.13,0.12886696005005793,20
Bin 1,0.13,0.11200851339289912,20
Bin 2,0.13,0.12653776575941933,20
Bin 3,0.13,0.12203676276172251,20
Bin 4,0.13,0.13709368623204848,20
Bin 5,0.13,0.14665807210420018,20
Overall,0.14,0.13874645482467668,20
Bin 1,0.14,0.12115379540586638,20
Bin 2,0.14,0.13569752309435246,20
Bin 3,0.14,0.13251554061665244,20
Bin 4,0.14,0.14856907531056107,20
Bin 5,0.14,0.15579633969595116,20
Overall,0.15,0.148755115592242,20
Bin 1,0.15,0.12981582141492384,20
Bin 2,0.15,0.1453851566916737,20
Bin 3,0.15,0.14339813157924491,20
Bin 4,0.15,0.15921941697867398,20
Bin 5,0.15,0.1659570512966936,20
Overall,0.16,0.15828286404103958,20
Bin 1,0.16,0.1371994829465146,20
Bin 2,0.16,0.15464930048713793,20
Bin 3,0.16,0.1541783980051505,20
Bin 4,0.16,0.1697201579951782,20
Bin 5,0.16,0.1756669807712166,20
Overall,0.17,0.16747512799299563,20
Bin 1,0.17,0.14305025462774384,20
Bin 2,0.17,0.16408141645078975,20
Bin 3,0.17,0.16441192725313258,20
Bin 4,0.17,0.180531289627327,20
Bin 5,0.17,0.18530075200598506,20
Overall,0.18,0.17696575600110034,20
Bin 1,0.18,0.1491032332484132,20
Bin 2,0.18,0.17418766383955334,20
Bin 3,0.18,0.17437044691407186,20
Bin 4,0.18,0.1915310196125836,20
Bin 5,0.18,0.19563641639087972,20
Overall,0.19,0.18610505418820575,20
Bin 1,0.19,0.15427119728195599,20
Bin 2,0.19,0.1833999905172908,20
Bin 3,0.19,0.18398828208343265,20
Bin 4,0.19,0.20259536226073988,20
Bin 5,0.19,0.20627043879760937,20
Overall,0.2,0.19538778960977699,20
Bin 1,0.2,0.15898047246701813,20
Bin 2,0.2,0.19437739078368557,20
Bin 3,0.2,0.19374518722844444,20
Bin 4,0.2,0.21348939544432272,20
Bin 5,0.2,0.2163465021254142,20
Overall,0.21,0.20434441295654543,20
Bin 1,0.21,0.16216989787946595,20
Bin 2,0.21,0.20474592205127445,20
Bin 3,0.21,0.2031595478936385,20
Bin 4,0.21,0.22444710114436273,20
Bin 5,0.21,0.22719959581398547,20
Overall,0.22,0.21304761868838598,20
Bin 1,0.22,0.16431605767361235,20
Bin 2,0.22,0.21469843307520536,20
Bin 3,0.22,0.21242158956519513,20
Bin 4,0.22,0.23513715220501402,20
Bin 5,0.22,0.2386648609229029,20
Overall,0.23,0.2213025209149649,20
Bin 1,0.23,0.16691070822456083,20
Bin 2,0.23,0.2241024364870572,20
Bin 3,0.23,0.22145248444097584,20
Bin 4,0.23,0.24508817751110817,20
Bin 5,0.23,0.24895879791112266,20
Overall,0.24,0.22940651586361116,20
Bin 1,0.24,0.16898702773986632,20
Bin 2,0.24,0.23390483868936168,20
Bin 3,0.24,0.23028408241590212,20
Bin 4,0.24,0.2548561785061967,20
Bin 5,0.24,0.25900045196672916,20
Overall,0.25,0.23707416601372394,20
Bin 1,0.25,0.17017658237623617,20
Bin 2,0.25,0.24334027265394442,20
Bin 3,0.25,0.2389215053935053,20
Bin 4,0.25,0.26490121241586084,20
Bin 5,0.25,0.26803125722907295,20
Overall,0.26,0.24460741503784184,20
Bin 1,0.26,0.17141172342377026,20
Bin 2,0.26,0.2513199914655444,20
Bin 3,0.26,0.24823866594244232,20
Bin 4,0.26,0.275192453264386,20
Bin 5,0.26,0.27687424109306646,20
Overall,0.27,0.25166518176587,20
Bin 1,0.27,0.17175712510604654,20
Bin 2,0.27,0.25912586085707345,20
Bin 3,0.27,0.25742345015002105,20
Bin 4,0.27,0.28456764243981386,20
Bin 5,0.27,0.28545183027639504,20
Overall,0.28,0.25908801648391927,20
Bin 1,0.28,0.1720536268134026,20
Bin 2,0.28,0.26678714066185605,20
Bin 3,0.28,0.26706164002682586,20
Bin 4,0.28,0.29479338674638056,20
Bin 5,0.28,0.2947442881711313,20
Overall,0.29,0.26599463321988076,20
Bin 1,0.29,0.17239233305228757,20
Bin 2,0.29,0.2735396091028777,20
Bin 3,0.29,0.2765544240018577,20
Bin 4,0.29,0.30428175346369457,20
Bin 5,0.29,0.3032050464786864,20
Overall,0.3,0.2728835792706623,20
Bin 1,0.3,0.17259788857059116,20
Bin 2,0.3,0.27920687999195215,20
Bin 3,0.3,0.2861023052979685,20
Bin 4,0.3,0.3138534744934406,20
Bin 5,0.3,0.3126573479993592,20
Overall,0.31,0.2792659269376034,20
Bin 1,0.31,0.17267726491419744,20
Bin 2,0.31,0.28389954798196254,20
Bin 3,0.31,0.2950795560213649,20
Bin 4,0.31,0.32366319186379894,20
Bin 5,0.31,0.3210100739066931,20
Overall,0.32,0.28564829477543113,20
Bin 1,0.32,0.17271617191862723,20
Bin 2,0.32,0.28805076008692165,20
Bin 3,0.32,0.30405527261186627,20
Bin 4,0.32,0.3335918480404238,20
Bin 5,0.32,0.32982742121931674,20
Overall,0.33,0.29201719620341315,20
Bin 1,0.33,0.17276950525196055,20
Bin 2,0.33,0.29146011813313677,20
Bin 3,0.33,0.3135678585738765,20
Bin 4,0.33,0.34313989798759004,20
Bin 5,0.33,0.3391486010705022,20
Overall,0.34,0.2982380725996402,20
Bin 1,0.34,0.17281154450237288,20
Bin 2,0.34,0.29405980481594873,20
Bin 3,0.34,0.3220821276433886,20
Bin 4,0.34,0.3533415206504066,20
Bin 5,0.34,0.34889536538608396,20
Overall,0.35,0.3043276887298858,20
Bin 1,0.35,0.17282487783570621,20
Bin 2,0.35,0.29646633188008564,20
Bin 3,0.35,0.33159982248034797,20
Bin 4,0.35,0.36242074097678423,20
Bin 5,0.35,0.35832667047650485,20
Overall,0.36,0.31006964542994403,20
Bin 1,0.36,0.17282487783570621,20
Bin 2,0.36,0.29763440592998525,20
Bin 3,0.36,0.3406384507146618,20
Bin 4,0.36,0.3720064221478471,20
Bin 5,0.36,0.36724407052151975,20
Overall,0.37,0.3162414524776037,20
Bin 1,0.37,0.17282487783570621,20
Bin 2,0.37,0.2985596704000918,20
Bin 3,0.37,0.34989529841962697,20
Bin 4,0.37,0.38177719261739657,20
Bin 5,0.37,0.37815022311519686,20
Overall,0.38,0.3215318262931551,20
Bin 1,0.38,0.17282487783570621,20
Bin 2,0.38,0.2991319143719061,20
Bin 3,0.38,0.35859093488258564,20
Bin 4,0.38,0.38968753155884706,20
Bin 5,0.38,0.38742387281673035,20
Overall,0.39,0.32694420085058246,20
Bin 1,0.39,0.17282487783570621,20
Bin 2,0.39,0.2998860330479595,20
Bin 3,0.39,0.3656118804287441,20
Bin 4,0.39,0.39884646011824765,20
Bin 5,0.39,0.39755175282225486,20
Overall,0.4,0.3320256308632584,20
Bin 1,0.4,0.17282487783570621,20
Bin 2,0.4,0.3002740778147049,20
Bin 3,0.4,0.3725693259324942,20
Bin 4,0.4,0.40721536329553476,20
Bin 5,0.4,0.40724450943785195,20
Overall,0.41,0.33688870560912265,20
Bin 1,0.41,0.17282487783570621,20
Bin 2,0.41,0.3004689899171581,20
Bin 3,0.41,0.3789402619265808,20
Bin 4,0.41,0.4155141860694774,20
Bin 5,0.41,0.4166952122966908,20
Overall,0.42,0.3413671138820697,20
Bin 1,0.42,0.17282487783570621,20
Bin 2,0.42,0.3005373395568382,20
Bin 3,0.42,0.38338344116224643,20
Bin 4,0.42,0.42349005107958854,20
Bin 5,0.42,0.42659985977596904,20
Overall,0.43,0.34567847860961126,20
Bin 1,0.43,0.17282487783570621,20
Bin 2,0.43,0.30063215544394284,20
Bin 3,0.43,0.3874168992092274,20
Bin 4,0.43,0.4317419618697391,20
Bin 5,0.43,0.4357764986894406,20
Overall,0.44,0.3499862070353625,20
Bin 1,0.44,0.17282487783570621,20
Bin 2,0.44,0.30092035494859914,20
Bin 3,0.44,0.391412463820653,20
Bin 4,0.44,0.4401292921767145,20
Bin 5,0.44,0.44464404639513966,20
Overall,0.45,0.3539283153743661,20
Bin 1,0.45,0.17282487783570621,20
Bin 2,0.45,0.30092035494859914,20
Bin 3,0.45,0.3944207936656683,20
Bin 4,0.45,0.44823726752272464,20
Bin 5,0.45,0.45323828289913204,20
Overall,0.46,0.3575704144209716,20
Bin 1,0.46,0.17282487783570621,20
Bin 2,0.46,0.30092035494859914,20
Bin 3,0.46,0.3973359534092461,20
Bin 4,0.46,0.4552811624922718,20
Bin 5,0.46,0.4614897234190346,20
Overall,0.47,0.3609430075571377,20
Bin 1,0.47,0.17282487783570621,20
Bin 2,0.47,0.30092035494859914,20
Bin 3,0.47,0.39933938161012217,20
Bin 4,0.47,0.46244866917047467,20
Bin 5,0.47,0.46918175422078645,20
Overall,0.48,0.36424860031137607,20
Bin 1,0.48,0.17282487783570621,20
Bin 2,0.48,0.30092035494859914,20
Bin 3,0.48,0.4004604990601825,20
Bin 4,0.48,0.4692363701082072,20
Bin 5,0.48,0.47780089960418515,20
Overall,0.49,0.36733235254483454,20
Bin 1,0.49,0.17282487783570621,20
Bin 2,0.49,0.30092035494859914,20
Bin 3,0.49,0.4015946365563708,20
Bin 4,0.49,0.47569957255144135,20
Bin 5,0.49,0.48562232083205525,20
Overall,0.5,0.3703002785668725,20
Bin 1,0.5,0.17282487783570621,20
Bin 2,0.5,0.30092035494859914,20
Bin 3,0.5,0.4026442883978277,20
Bin 4,0.5,0.48119727229200865,20
Bin 5,0.5,0.49391459936022075,20
Overall,0.51,0.3732882027343013,20
Bin 1,0.51,0.17282487783570621,20
Bin 2,0.51,0.30092035494859914,20
Bin 3,0.51,0.4037466519752728,20
Bin 4,0.51,0.48647459958982164,20
Bin 5,0.51,0.5024745293221067,20
Overall,0.52,0.37580058108597175,20
Bin 1,0.52,0.17282487783570621,20
Bin 2,0.52,0.30092035494859914,20
Bin 3,0.52,0.40429627623082826,20
Bin 4,0.52,0.4906309973622326,20
Bin 5,0.52,0.5103303990524924,20
Overall,0.53,0.3780893389506955,20
Bin 1,0.53,0.17282487783570621,20
Bin 2,0.53,0.30092035494859914,20
Bin 3,0.53,0.40482977083260324,20
Bin 4,0.53,0.4937566109363513,20
Bin 5,0.53,0.5181150802002178,20
Overall,0.54,0.38020592559601857,20
Bin 1,0.54,0.17282487783570621,20
Bin 2,0.54,0.30092035494859914,20
Bin 3,0.54,0.40512441438475244,20
Bin 4,0.54,0.4969375926737656,20
Bin 5,0.54,0.5252223881372695,20
Overall,0.55,0.3823498451148174,20
Bin 1,0.55,0.17282487783570621,20
Bin 2,0.55,0.30092035494859914,20
Bin 3,0.55,0.4054210238744944,20
Bin 4,0.55,0.49959717836148876,20
Bin 5,0.55,0.5329857905537982,20
Overall,0.56,0.38407570214016096,20
Bin 1,0.56,0.17282487783570621,20
Bin 2,0.56,0.30092035494859914,20
Bin 3,0.56,0.4056760164092804,20
Bin 4,0.56,0.5021749389254686,20
Bin 5,0.56,0.5387823225817503,20
Overall,0.5700000000000001,0.38571994170667057,20
Bin 1,0.5700000000000001,0.17282487783570621,20
Bin 2,0.5700000000000001,0.30092035494859914,20
Bin 3,0.5700000000000001,0.40577861168580887,20
Bin 4,0.5700000000000001,0.5041850672922074,20
Bin 5,0.5700000000000001,0.5448907967710314,20
Overall,0.58,0.38716334756569065,20
Bin 1,0.58,0.17282487783570621,20
Bin 2,0.58,0.30092035494859914,20
Bin 3,0.58,0.4058535040687731,20
Bin 4,0.58,0.5056078602453353,20
Bin 5,0.58,0.5506101407300396,20
Overall,0.59,0.38839591400669904,20
Bin 1,0.59,0.17282487783570621,20
Bin 2,0.59,0.30092035494859914,20
Bin 3,0.59,0.40593350406877304,20
Bin 4,0.59,0.5069296054257759,20
Bin 5,0.59,0.5553712277546408,20
Overall,0.6,0.3896521797986932,20
Bin 1,0.6,0.17282487783570621,20
Bin 2,0.6,0.30092035494859914,20
Bin 3,0.6,0.405993504068773,20
Bin 4,0.6,0.5081738786542785,20
Bin 5,0.6,0.560348283486109,20
Overall,0.61,0.3907517203618589,20
Bin 1,0.61,0.17282487783570621,20
Bin 2,0.61,0.30092035494859914,20
Bin 3,0.61,0.40606017073543976,20
Bin 4,0.61,0.509229410702604,20
Bin 5,0.61,0.5647237875869454,20
Overall,0.62,0.3916268550603822,20
Bin 1,0.62,0.17282487783570621,20
Bin 2,0.62,0.30092035494859914,20
Bin 3,0.62,0.40606017073543976,20
Bin 4,0.62,0.5098622116683045,20
Bin 5,0.62,0.5684666601138616,20
Overall,0.63,0.3924377092981447,20
Bin 1,0.63,0.17282487783570621,20
Bin 2,0.63,0.30092035494859914,20
Bin 3,0.63,0.40606017073543976,20
Bin 4,0.63,0.5104086568039311,20
Bin 5,0.63,0.5719744861670473,20
Overall,0.64,0.39302279504961246,20
Bin 1,0.64,0.17282487783570621,20
Bin 2,0.64,0.30092035494859914,20
Bin 3,0.64,0.40606017073543976,20
Bin 4,0.64,0.5107077086113235,20
Bin 5,0.64,0.5746008631169938,20
Overall,0.65,0.3934470601772497,20
Bin 1,0.65,0.17282487783570621,20
Bin 2,0.65,0.30092035494859914,20
Bin 3,0.65,0.40606017073543976,20
Bin 4,0.65,0.5109233771083167,20
Bin 5,0.65,0.5765065202581866,20
Overall,0.66,0.3937795202727725,20
Bin 1,0.66,0.17282487783570621,20
Bin 2,0.66,0.30092035494859914,20
Bin 3,0.66,0.40606017073543976,20
Bin 4,0.66,0.5111246476921658,20
Bin 5,0.66,0.5779675501519518,20
Overall,0.67,0.3940952106259668,20
Bin 1,0.67,0.17282487783570621,20
Bin 2,0.67,0.30092035494859914,20
Bin 3,0.67,0.40606017073543976,20
Bin 4,0.67,0.5112600457228702,20
Bin 5,0.67,0.5794106038872187,20
Overall,0.68,0.3944388613574034,20
Bin 1,0.68,0.17282487783570621,20
Bin 2,0.68,0.30092035494859914,20
Bin 3,0.68,0.40606017073543976,20
Bin 4,0.68,0.5113200457228702,20
Bin 5,0.68,0.5810688575444017,20
Overall,0.6900000000000001,0.394729307835928,20
Bin 1,0.6900000000000001,0.17282487783570621,20
Bin 2,0.6900000000000001,0.30092035494859914,20
Bin 3,0.6900000000000001,0.40606017073543976,20
Bin 4,0.6900000000000001,0.5113626482828645,20
Bin 5,0.6900000000000001,0.5824784873770303,20
Overall,0.7000000000000001,0.3949563039517305,20
Bin 1,0.7000000000000001,0.17282487783570621,20
Bin 2,0.7000000000000001,0.30092035494859914,20
Bin 3,0.7000000000000001,0.40606017073543976,20
Bin 4,0.7000000000000001,0.5114226482828645,20
Bin 5,0.7000000000000001,0.5835534679560429,20
Overall,0.71,0.39524139041149275,20
Bin 1,0.71,0.17282487783570621,20
Bin 2,0.71,0.30092035494859914,20
Bin 3,0.71,0.40606017073543976,20
Bin 4,0.71,0.5114426482828645,20
Bin 5,0.71,0.5849589002548543,20
Overall,0.72,0.3954052035840018,20
Bin 1,0.72,0.17282487783570621,20
Bin 2,0.72,0.30092035494859914,20
Bin 3,0.72,0.40606017073543976,20
Bin 4,0.72,0.5114759816161978,20
Bin 5,0.72,0.5857446327840659,20
Overall,0.73,0.39554457377800034,20
Bin 1,0.73,0.17282487783570621,20
Bin 2,0.73,0.30092035494859914,20
Bin 3,0.73,0.40606017073543976,20
Bin 4,0.73,0.5114866980039647,20
Bin 5,0.73,0.5864307673662918,20
Overall,0.74,0.3956791553281967,20
Bin 1,0.74,0.17282487783570621,20
Bin 2,0.74,0.30092035494859914,20
Bin 3,0.74,0.40606017073543976,20
Bin 4,0.74,0.5115000313372982,20
Bin 5,0.74,0.5870903417839402,20
Overall,0.75,0.3957564338901699,20
Bin 1,0.75,0.17282487783570621,20
Bin 2,0.75,0.30092035494859914,20
Bin 3,0.75,0.40606017073543976,20
Bin 4,0.75,0.5115400313372981,20
Bin 5,0.75,0.5874367345938063,20
Overall,0.76,0.3958459281589054,20
Bin 1,0.76,0.17282487783570621,20
Bin 2,0.76,0.30092035494859914,20
Bin 3,0.76,0.40606017073543976,20
Bin 4,0.76,0.5116066980039647,20
Bin 5,0.76,0.5878175392708173,20
Overall,0.77,0.39593126149223873,20
Bin 1,0.77,0.17282487783570621,20
Bin 2,0.77,0.30092035494859914,20
Bin 3,0.77,0.40606017073543976,20
Bin 4,0.77,0.5116600313372981,20
Bin 5,0.77,0.5881908726041506,20
Overall,0.78,0.3959405948255721,20
Bin 1,0.78,0.17282487783570621,20
Bin 2,0.78,0.30092035494859914,20
Bin 3,0.78,0.40606017073543976,20
Bin 4,0.78,0.5116600313372981,20
Bin 5,0.78,0.5882375392708172,20
Overall,0.79,0.39594992815890545,20
Bin 1,0.79,0.17282487783570621,20
Bin 2,0.79,0.30092035494859914,20
Bin 3,0.79,0.40606017073543976,20
Bin 4,0.79,0.5116600313372981,20
Bin 5,0.79,0.588284205937484,20
Overall,0.8,0.3959546807777252,20
Bin 1,0.8,0.17282487783570621,20
Bin 2,0.8,0.30092035494859914,20
Bin 3,0.8,0.40606017073543976,20
Bin 4,0.8,0.5116600313372981,20
Bin 5,0.8,0.5883079690315829,20
Overall,0.81,0.3959586807777252,20
Bin 1,0.81,0.17282487783570621,20
Bin 2,0.81,0.30092035494859914,20
Bin 3,0.81,0.40606017073543976,20
Bin 4,0.81,0.5116600313372981,20
Bin 5,0.81,0.5883279690315829,20
Overall,0.8200000000000001,0.3959613474443919,20
Bin 1,0.8200000000000001,0.17282487783570621,20
Bin 2,0.8200000000000001,0.30092035494859914,20
Bin 3,0.8200000000000001,0.40606017073543976,20
Bin 4,0.8200000000000001,0.5116600313372981,20
Bin 5,0.8200000000000001,0.5883413023649162,20
Overall,0.8300000000000001,0.39596668077772523,20
Bin 1,0.8300000000000001,0.17282487783570621,20
Bin 2,0.8300000000000001,0.30092035494859914,20
Bin 3,0.8300000000000001,0.40606017073543976,20
Bin 4,0.8300000000000001,0.5116600313372981,20
Bin 5,0.8300000000000001,0.588367969031583,20
Overall,0.84,0.395972717956851,20
Bin 1,0.84,0.17282487783570621,20
Bin 2,0.84,0.30092035494859914,20
Bin 3,0.84,0.40606017073543976,20
Bin 4,0.84,0.5116600313372981,20
Bin 5,0.84,0.5883981549272119,20
Overall,0.85,0.39597938462351767,20
Bin 1,0.85,0.17282487783570621,20
Bin 2,0.85,0.30092035494859914,20
Bin 3,0.85,0.40606017073543976,20
Bin 4,0.85,0.5116600313372981,20
Bin 5,0.85,0.5884314882605453,20
Overall,0.86,0.3959929359699515,20
Bin 1,0.86,0.17282487783570621,20
Bin 2,0.86,0.30092035494859914,20
Bin 3,0.86,0.40606017073543976,20
Bin 4,0.86,0.5116600313372981,20
Bin 5,0.86,0.5884992449927141,20
Overall,0.87,0.39599960263661815,20
Bin 1,0.87,0.17282487783570621,20
Bin 2,0.87,0.30092035494859914,20
Bin 3,0.87,0.40606017073543976,20
Bin 4,0.87,0.5116600313372981,20
Bin 5,0.87,0.5885325783260476,20
Overall,0.88,0.3960022693032848,20
Bin 1,0.88,0.17282487783570621,20
Bin 2,0.88,0.30092035494859914,20
Bin 3,0.88,0.40606017073543976,20
Bin 4,0.88,0.5116600313372981,20
Bin 5,0.88,0.5885459116593809,20
Overall,0.89,0.3960022693032848,20
Bin 1,0.89,0.17282487783570621,20
Bin 2,0.89,0.30092035494859914,20
Bin 3,0.89,0.40606017073543976,20
Bin 4,0.89,0.5116600313372981,20
Bin 5,0.89,0.5885459116593809,20
Overall,0.9,0.3960022693032848,20
Bin 1,0.9,0.17282487783570621,20
Bin 2,0.9,0.30092035494859914,20
Bin 3,0.9,0.40606017073543976,20
Bin 4,0.9,0.5116600313372981,20
Bin 5,0.9,0.5885459116593809,20
Overall,0.91,0.3960022693032848,20
Bin 1,0.91,0.17282487783570621,20
Bin 2,0.91,0.30092035494859914,20
Bin 3,0.91,0.40606017073543976,20
Bin 4,0.91,0.5116600313372981,20
Bin 5,0.91,0.5885459116593809,20
Overall,0.92,0.3960022693032848,20
Bin 1,0.92,0.17282487783570621,20
Bin 2,0.92,0.30092035494859914,20
Bin 3,0.92,0.40606017073543976,20
Bin 4,0.92,0.5116600313372981,20
Bin 5,0.92,0.5885459116593809,20
Overall,0.93,0.3960022693032848,20
Bin 1,0.93,0.17282487783570621,20
Bin 2,0.93,0.30092035494859914,20
Bin 3,0.93,0.40606017073543976,20
Bin 4,0.93,0.5116600313372981,20
Bin 5,0.93,0.5885459116593809,20
Overall,0.94,0.3960022693032848,20
Bin 1,0.94,0.17282487783570621,20
Bin 2,0.94,0.30092035494859914,20
Bin 3,0.94,0.40606017073543976,20
Bin 4,0.94,0.5116600313372981,20
Bin 5,0.94,0.5885459116593809,20
Overall,0.95,0.3960022693032848,20
Bin 1,0.95,0.17282487783570621,20
Bin 2,0.95,0.30092035494859914,20
Bin 3,0.95,0.40606017073543976,20
Bin 4,0.95,0.5116600313372981,20
Bin 5,0.95,0.5885459116593809,20
Overall,0.96,0.3960022693032848,20
Bin 1,0.96,0.17282487783570621,20
Bin 2,0.96,0.30092035494859914,20
Bin 3,0.96,0.40606017073543976,20
Bin 4,0.96,0.5116600313372981,20
Bin 5,0.96,0.5885459116593809,20
Overall,0.97,0.3960022693032848,20
Bin 1,0.97,0.17282487783570621,20
Bin 2,0.97,0.30092035494859914,20
Bin 3,0.97,0.40606017073543976,20
Bin 4,0.97,0.5116600313372981,20
Bin 5,0.97,0.5885459116593809,20
Overall,0.98,0.3960022693032848,20
Bin 1,0.98,0.17282487783570621,20
Bin 2,0.98,0.30092035494859914,20
Bin 3,0.98,0.40606017073543976,20
Bin 4,0.98,0.5116600313372981,20
Bin 5,0.98,0.5885459116593809,20
Overall,0.99,0.3960022693032848,20
Bin 1,0.99,0.17282487783570621,20
Bin 2,0.99,0.30092035494859914,20
Bin 3,0.99,0.40606017073543976,20
Bin 4,0.99,0.5116600313372981,20
Bin 5,0.99,0.5885459116593809,20
Overall,1.0,0.3960022693032848,20
Bin 1,1.0,0.17282487783570621,20
Bin 2,1.0,0.30092035494859914,20
Bin 3,1.0,0.40606017073543976,20
Bin 4,1.0,0.5116600313372981,20
Bin 5,1.0,0.5885459116593809,20
