method,metric,mean,std,count,se,ci95_low,ci95_high
aacrc,coverage,0.6038,0.030196897714483004,20,0.006752231599919203,0.5905656260641584,0.6170343739358416
aacrc,lambda_max_rate,0.0,0.0,20,0.0,0.0,0.0
aacrc,lambda_min_rate,0.0017500000000000003,0.00476693656455866,20,0.0010659194202782478,-0.00033920206374536514,0.0038392020637453656
aacrc,lambda_sd,0.5183786561736066,0.034458475018516586,20,0.007705149254238141,0.5032765636352998,0.5334807487119133
aacrc,mean_bin_excess,0.006016205855725372,0.004563475049291746,20,0.0010204240423840546,0.004016174732652625,0.008016236978798118
aacrc,mean_width,1.6437568629095718,0.0836600271522007,20,0.018706950771179887,1.6070912393980592,1.6804224864210844
aacrc,risk,0.0967899550270945,0.011652633989295951,20,0.00260560817169903,0.0916829630105644,0.1018969470436246
aacrc,worst_bin_risk,0.1174045978191149,0.013940438146610357,20,0.0031171767331951935,0.11129493142205232,0.12351426421617748
crc,coverage,0.7354499999999999,0.027139939494948674,20,0.006068674961593654,0.7235553970752764,0.7473446029247235
crc,lambda_max_rate,0.0,0.0,20,0.0,0.0,0.0
crc,lambda_min_rate,0.0,0.0,20,0.0,0.0,0.0
crc,lambda_sd,1.3884731910229398e-16,1.3424007278180895e-16,20,3.001699280446441e-17,8.001401320554374e-17,1.9768062499904422e-16
crc,mean_bin_excess,0.03749852524269025,0.011634049554542341,20,0.0026014525657557823,0.032399678213808916,0.04259737227157158
crc,mean_width,1.7720000000000002,0.10787907460134295,20,0.024122494415837387,1.724719910944959,1.8192800890550416
crc,risk,0.0978363515486806,0.014331559931972732,20,0.003204634223150329,0.09155526847130596,0.10411743462605524
crc,worst_bin_risk,0.22699045134769147,0.03643329447989662,20,0.008146732310131669,0.2110228560198334,0.24295804667554954
oracle,coverage,0.61295,0.046597351404288376,20,0.010419484531143408,0.592527810318959,0.633372189681041
oracle,lambda_max_rate,0.0,0.0,20,0.0,0.0,0.0
oracle,lambda_min_rate,0.0010999999999999998,0.0036404164018622055,20,0.0008140218540969083,-0.0004954828340299404,0.00269548283402994
oracle,lambda_sd,0.5035277054959788,0.023142269701076856,20,0.005174768820524159,0.49338515860775145,0.5136702523842062
oracle,mean_bin_excess,0.004810413861108741,0.005765156264447556,20,0.001289128130821349,0.002283722724698897,0.007337104997518586
oracle,mean_width,1.655704,0.1119747794160058,20,0.025038321853973314,1.6066288891662124,1.7047791108337877
oracle,risk,0.0942757213548495,0.014328461117589392,20,0.0032039413071892485,0.08799599639275858,0.10055544631694043
oracle,worst_bin_risk,0.11251066696788581,0.01630708766666147,20,0.0036463756537703476,0.10536377068649593,0.11965756324927569
recirc,coverage,0.6342,0.047422623959012374,20,0.010604021084376187,0.6134161186746226,0.6549838813253773
recirc,lambda_max_rate,0.00035,0.0013484884325167862,20,0.0003015311801979672,-0.00024100111318801567,0.0009410011131880157
recirc,lambda_min_rate,5e-05,0.000223606797749979,20,5e-05,-4.7999999999999994e-05,0.000148
recirc,lambda_sd,0.5602083350677606,0.06533515623142026,20,0.014609385065402469,0.5315739403395717,0.5888427297959494
recirc,mean_bin_excess,0.0073419178284503585,0.006687364184601113,20,0.0014953400907065542,0.004411051250665512,0.010272784406235205
recirc,mean_width,1.7257200000000001,0.11914576371204438,20,0.02664180268912589,1.6735020667293135,1.7779379332706868
recirc,risk,0.09307723084000744,0.013023819867844745,20,0.0029122146551213176,0.08736929011596965,0.09878517156404522
recirc,worst_bin_risk,0.1241733050168504,0.020689654182716233,20,0.004626347318351635,0.11510566427288119,0.1332409457608196
