lambda_crc,aacrc_linear_source,aacrc_linear_time,aacrc_linear_objective,aacrc_linear_attempts,aacrc_linear_fit_risk,aacrc_linear_n_params,aacrc_linear_ridge_on_intercept,a_recirc,a_oracle,trial,seed
0.39,feats,35.31359815597534,-9.851424877775697,1,0.09663287268287268,9,False,0.09,0.09,0,2027
0.39,feats,15.753583192825317,-9.850022067044494,1,0.09788342768342768,9,False,0.11,0.11,1,2028
0.37,feats,20.199867486953735,-9.851266121263466,1,0.09678751803751805,9,False,0.1,0.09,2,2029
0.39,feats,55.6792106628418,-9.850907733471079,1,0.09918866688866688,9,False,0.09,0.1,3,2030
0.38,feats,22.392248392105103,-9.852636399257124,1,0.09831060606060606,9,False,0.1,0.1,4,2031
0.38,feats,103.3984739780426,-9.85158772820114,1,0.09962395382395382,9,False,0.09,0.1,5,2032
0.38,feats,15.199286699295044,-9.853905258673118,1,0.09715952380952379,9,False,0.1,0.09,6,2033
0.37,feats,169.0685830116272,-9.853703803886772,1,0.09412424242424243,9,False,0.1,0.1,7,2034
0.38,feats,62.45763111114502,-9.85268951787788,1,0.09365588855588855,9,False,0.09,0.1,8,2035
0.39,feats,24.89131498336792,-9.850768340804684,1,0.10012619047619048,9,False,0.08,0.1,9,2036
0.38,feats,57.52768111228943,-9.852095184420206,1,0.09770295815295817,9,False,0.1,0.09,10,2037
0.37,feats,50.47029209136963,-9.850332718555316,1,0.09933124098124098,9,False,0.08,0.09,11,2038
0.37,feats,76.77379965782166,-9.85334667044635,1,0.09787688422688422,9,False,0.11,0.1,12,2039
0.37,feats,65.14055275917053,-9.851912803342083,1,0.09776435786435787,9,False,0.09,0.1,13,2040
0.38,feats,28.9352285861969,-9.850389123067695,1,0.09497943722943723,9,False,0.1,0.09,14,2041
0.39,feats,44.533005714416504,-9.849907880697707,1,0.0953522089022089,9,False,0.09,0.09,15,2042
0.38,feats,19.48775053024292,-9.853530283009407,1,0.09815086580086581,9,False,0.09,0.1,16,2043
0.38,feats,37.7933030128479,-9.850572124058264,1,0.09648097458097457,9,False,0.1,0.09,17,2044
0.38,feats,49.98362588882446,-9.850209675803422,1,0.0982001443001443,9,False,0.08,0.09,18,2045
0.37,feats,15.488824844360352,-9.852259081539444,1,0.10093484848484849,9,False,0.11,0.1,19,2046
