method,risk,worst_bin_risk,worst_bin_ratio,mean_bin_excess,mean_set_size,lambda_mean,lambda_sd,lambda_min_rate,lambda_max_rate,trial,seed
crc,0.0980267982017982,0.3044391441891442,3.0443914418914417,0.05052521090021089,8.192,0.49000000000000016,1.666167829227528e-16,0.0,0.0,0,2027
aacrc,0.09730478410478409,0.13816666666666666,1.3816666666666666,0.0126264208014208,11.262,0.40496885896369567,0.25109026462439543,0.0,0.0,0,2027
recirc,0.1085371434121434,0.136639652014652,1.36639652014652,0.01835099622599622,10.384,0.35171500000000006,0.25769961751595183,0.0,0.0,0,2027
oracle,0.1000281968031968,0.11121626984126984,1.1121626984126982,0.005084113109113106,11.329,0.393735,0.25885600477139065,0.0,0.0,0,2027
crc,0.11388921633921634,0.33371889221889217,3.3371889221889215,0.060455439005438996,8.435,0.4800000000000002,2.221557105636704e-16,0.0,0.0,1,2028
aacrc,0.09399839604839605,0.11913797313797314,1.1913797313797314,0.006520451770451768,11.988,0.41656059341683693,0.25475567656466686,0.0,0.0,1,2028
recirc,0.10177696192696194,0.12502686202686203,1.2502686202686202,0.014541247641247632,11.333,0.37239999999999995,0.2639347486625275,0.0,0.0,1,2028
oracle,0.1018272533022533,0.11539285714285714,1.1539285714285714,0.005326062826062819,12.024,0.40203999999999995,0.26366865486735347,0.0,0.0,1,2028
crc,0.10399055111555111,0.30871538184038183,3.0871538184038183,0.05483618603618603,8.043,0.4800000000000002,2.221557105636704e-16,0.0,0.0,2,2029
aacrc,0.08856640026640027,0.11917273004773005,1.1917273004773004,0.006131479631479628,11.17,0.40493480033956175,0.2462897742857893,0.0,0.0,2,2029
recirc,0.09430895493395494,0.12004906204906206,1.2004906204906205,0.009839907314907312,11.157,0.367925,0.27048323525785395,0.0,0.0,2,2029
oracle,0.09712036852036851,0.11161724386724386,1.1161724386724385,0.003158080808080807,11.311,0.38942,0.26148391429959406,0.0,0.0,2,2029
crc,0.10076450216450218,0.3066784604284604,3.066784604284604,0.05409303751803751,8.028,0.4800000000000002,2.221557105636704e-16,0.0,0.0,3,2030
aacrc,0.08337403152403153,0.10842857142857143,1.0842857142857143,0.0021942335442335396,11.248,0.40677057727854704,0.2464964074182853,0.0,0.0,3,2030
recirc,0.09691924186924188,0.13819873182373182,1.3819873182373181,0.011351781551781546,10.465,0.35764,0.2525707274653426,0.0,0.0,3,2030
oracle,0.09971835386835387,0.11797023809523811,1.179702380952381,0.0042440337440337456,11.262,0.389775,0.25973377911047885,0.0,0.0,3,2030
crc,0.08943685464861936,0.27487370962370966,2.7487370962370963,0.041850274562039276,8.441,0.5099999999999999,1.110778552818352e-16,0.0,0.0,4,2031
aacrc,0.09282601924219572,0.13725,1.3725,0.010221575646575646,10.998,0.40033977269469756,0.24682405705448562,0.0,0.0,4,2031
recirc,0.08631730018347665,0.11255721076309312,1.125572107630931,0.002511442152618623,11.348,0.37499,0.27810410243610534,0.0,0.0,4,2031
oracle,0.07915239286856933,0.10163690476190476,1.0163690476190474,0.00032738095238095123,11.769,0.40463499999999997,0.268432109801664,0.0,0.0,4,2031
crc,0.10126307303807303,0.2916137196137196,2.9161371961371962,0.049065082140082136,8.53,0.49500000000000005,5.55389276409176e-17,0.0,0.0,5,2032
aacrc,0.10063677572427572,0.14258333333333334,1.4258333333333333,0.01181415251415251,11.39,0.41621738804078395,0.24488153708467372,0.0,0.0,5,2032
recirc,0.12255957375957377,0.16176393051393048,1.6176393051393048,0.030806002331002315,10.558,0.35605000000000003,0.2550252642100099,0.0,0.0,5,2032
oracle,0.11877524697524697,0.14525444000444002,1.4525444000444,0.018775246975246976,10.724,0.3783,0.24325826724817512,0.0,0.0,5,2032
crc,0.09613904428904428,0.290097471972472,2.9009747197247195,0.049383549783549786,8.168,0.49000000000000016,1.666167829227528e-16,0.0,0.0,6,2033
aacrc,0.09450108502608504,0.15191666666666667,1.5191666666666666,0.011311457986457985,10.951,0.3990954840593358,0.24436495628971885,0.0,0.0,6,2033
recirc,0.09797243312243312,0.11935148185148185,1.1935148185148186,0.010390218115218106,10.506,0.353285,0.25891044473600017,0.0,0.0,6,2033
oracle,0.09037557997557998,0.09895820845820846,0.9895820845820846,0.0,11.34,0.39480999999999994,0.2583676987701206,0.0,0.0,6,2033
crc,0.09307600455100457,0.3007252747252747,3.007252747252747,0.04492640137640137,8.184,0.5,0.0,0.0,0.0,7,2034
aacrc,0.0818295399045399,0.1205983460983461,1.205983460983461,0.00411966921966922,10.907,0.39939898961915626,0.24461645210600447,0.0,0.0,7,2034
recirc,0.09026915861915862,0.12922459484959486,1.2922459484959485,0.006382653457653456,10.579,0.35796,0.2632134489719698,0.0,0.0,7,2034
oracle,0.10150603008103008,0.10817261904761905,1.0817261904761903,0.004459254634254633,10.962,0.38282499999999997,0.2575806517717648,0.0,0.0,7,2034
crc,0.0887875888000888,0.2706612623487623,2.706612623487623,0.039356239593739586,7.92,0.5,0.0,0.0,0.0,8,2035
aacrc,0.08909332334332333,0.1399166666666667,1.399166666666667,0.007983333333333337,10.883,0.3963240778008968,0.2575828714407442,0.0,0.001,8,2035
recirc,0.09262496114996115,0.11718055555555555,1.1718055555555555,0.005089441114441112,10.526,0.357505,0.270352067155432,0.0,0.0,8,2035
oracle,0.09925329115329115,0.11958928571428572,1.195892857142857,0.005053568653568649,10.528,0.37347,0.25680217377673514,0.0,0.0,8,2035
crc,0.09833314430667371,0.31143130317395024,3.1143130317395022,0.05159504906857848,7.994,0.4850000000000001,1.110778552818352e-16,0.0,0.0,9,2036
aacrc,0.08461787085463555,0.12021428571428572,1.2021428571428572,0.0061027193394840445,11.059,0.40132285056240485,0.24557260302776074,0.0,0.0,9,2036
recirc,0.0887032354900002,0.12350095737595737,1.2350095737595737,0.008586929573694274,10.735,0.36692,0.2597253758701118,0.0,0.0,9,2036
oracle,0.09205875497051967,0.10622619047619047,1.0622619047619046,0.0012452380952380937,11.353,0.39113,0.26150833583216754,0.0,0.0,9,2036
crc,0.09913388833388834,0.30521429958929963,3.052142995892996,0.050135367410367414,7.484,0.4649999999999999,1.110778552818352e-16,0.0,0.0,10,2037
aacrc,0.08412054334554334,0.12468117993117993,1.2468117993117993,0.004936235986235984,10.449,0.39241065168513783,0.23937883412240057,0.0,0.0,10,2037
recirc,0.09854985569985569,0.13755694305694305,1.3755694305694304,0.014986760461760456,10.113,0.350825,0.25694759473760687,0.0,0.0,10,2037
oracle,0.10527476134976137,0.11212752525252526,1.1212752525252525,0.007064047064047061,10.404,0.371555,0.25259614364987204,0.0,0.0,10,2037
crc,0.10459565295815296,0.3046149891774892,3.046149891774892,0.05625434704184704,8.361,0.4850000000000001,1.110778552818352e-16,0.0,0.0,11,2038
aacrc,0.08643659951159953,0.114,1.14,0.006613511488511484,11.617,0.4159091142971478,0.24420345443949462,0.0,0.0,11,2038
recirc,0.0846517107892108,0.11383098845598845,1.1383098845598845,0.0027661976911976887,11.842,0.38636000000000004,0.272791891037501,0.0,0.0,11,2038
oracle,0.09303862665112667,0.10230681818181818,1.0230681818181817,0.0007741966366966336,11.695,0.39879999999999993,0.25937769138225203,0.0,0.0,11,2038
crc,0.08852075285825285,0.2821118811743812,2.8211188117438115,0.04185754939504939,8.213,0.5,0.0,0.0,0.0,12,2039
aacrc,0.08141365162615163,0.11263095238095239,1.1263095238095238,0.004145325507825504,11.03,0.40412756710810027,0.2464306676359719,0.0,0.0,12,2039
recirc,0.08126384587634587,0.10817496392496391,1.081749639249639,0.0016349927849927809,11.279,0.37471000000000004,0.2756359756836743,0.0,0.0,12,2039
oracle,0.08619406288156288,0.09640728715728716,0.9640728715728716,0.0,11.183,0.38778,0.26121198920283756,0.0,0.0,12,2039
crc,0.09516613664113663,0.310364898989899,3.1036489898989896,0.04906097791097791,8.525,0.49500000000000005,5.55389276409176e-17,0.0,0.0,13,2040
aacrc,0.09503917055167056,0.14908333333333335,1.4908333333333335,0.01651831918081918,11.295,0.4030091312355312,0.2508859895809236,0.0,0.0,13,2040
recirc,0.09586010933510933,0.14231102231102233,1.4231102231102233,0.008462204462204465,10.873,0.36106,0.26028902546357346,0.0,0.0,13,2040
oracle,0.0757355810855811,0.09577584915084915,0.9577584915084915,0.0,12.042,0.40981,0.2680322838861118,0.0,0.0,13,2040
crc,0.10277781107781107,0.3164774531024531,3.164774531024531,0.05397860472860473,8.481,0.49000000000000016,1.666167829227528e-16,0.0,0.0,14,2041
aacrc,0.0905007992007992,0.12338880563880565,1.2338880563880565,0.00805395160395161,11.685,0.41573958197371835,0.2475753548689623,0.0,0.0,14,2041
recirc,0.09650231435231436,0.1259043179043179,1.2590431790431789,0.008178829503829494,11.295,0.37517500000000004,0.264831607167942,0.0,0.0,14,2041
oracle,0.08775764235764236,0.09968668831168832,0.9968668831168832,0.0,12.258,0.416025,0.2652492819152515,0.0,0.0,14,2041
crc,0.095308948894243,0.30834834038510517,3.0834834038510515,0.04827752753782167,8.133,0.49000000000000016,1.666167829227528e-16,0.0,0.0,15,2042
aacrc,0.07992915319974143,0.1122472062251474,1.122472062251474,0.0024494412450294795,11.139,0.4047926580527305,0.24735377780841564,0.0,0.0,15,2042
recirc,0.09637208118678706,0.13071251787428256,1.3071251787428255,0.012626049440755316,10.481,0.35394,0.25600569391190364,0.0,0.0,15,2042
oracle,0.08504933563168858,0.09125,0.9125,0.0,11.711,0.40491000000000005,0.2654124821587818,0.0,0.0,15,2042
crc,0.09994050394050394,0.299147866022866,2.99147866022866,0.05133927738927739,7.905,0.47499999999999987,1.666167829227528e-16,0.0,0.0,16,2043
aacrc,0.10483562548562549,0.15663095238095237,1.5663095238095237,0.017239990564990558,10.915,0.38753257297014915,0.24923798900327657,0.0,0.0,16,2043
recirc,0.09268010600510601,0.12774693362193362,1.2774693362193361,0.011775740925740918,10.824,0.35541,0.2677097316131792,0.0,0.0,16,2043
oracle,0.09685794483294484,0.10977579365079365,1.0977579365079364,0.0019551587301587293,11.262,0.38283000000000006,0.2624545169614603,0.0,0.0,16,2043
crc,0.11059391164391164,0.33565462315462313,3.3565462315462313,0.05922443112443112,8.438,0.4800000000000002,2.221557105636704e-16,0.0,0.0,17,2044
aacrc,0.07743078310578311,0.10310557498057499,1.0310557498057498,0.0006211149961149965,12.149,0.4273806616013038,0.2512597846328744,0.0,0.0,17,2044
recirc,0.08849193029193028,0.1115110028860029,1.1151100288600289,0.005908993783993783,11.725,0.386405,0.2669291144238993,0.0,0.0,17,2044
oracle,0.07373935092685094,0.08168226911976913,0.8168226911976912,0.0,12.911,0.43433000000000005,0.27302929530747444,0.0,0.0,17,2044
crc,0.0937106449106449,0.2932989441114441,2.9329894411144406,0.04558524808524808,8.11,0.5,0.0,0.0,0.0,18,2045
aacrc,0.09167998667998668,0.1325,1.325,0.008930061605061601,10.856,0.39850908689665443,0.24666064883664326,0.0,0.0,18,2045
recirc,0.09346573842823842,0.12476854395604396,1.2476854395604395,0.009185976523476521,10.808,0.36351999999999995,0.26526953750388965,0.0,0.0,18,2045
oracle,0.10088026140526139,0.10941666666666666,1.0941666666666665,0.003418056943056938,11.081,0.388365,0.2605127994815105,0.0,0.0,18,2045
crc,0.08827692585192586,0.2855417499167499,2.855417499167499,0.04191924186924186,8.448,0.5,0.0,0.0,0.0,19,2046
aacrc,0.08240733988233988,0.11491447441447442,1.149144744144744,0.005566228216228217,11.187,0.4061298172860745,0.24478501087938725,0.0,0.0,19,2046
recirc,0.09691798201798202,0.1224482323232323,1.224482323232323,0.010583641358641349,10.728,0.35995,0.25956216985535474,0.0,0.0,19,2046
oracle,0.09550439282939283,0.10976190476190478,1.0976190476190477,0.0019523809523809554,11.285,0.392815,0.25629863395025104,0.0,0.0,19,2046
