method,bin,risk,set_size,trial,seed
crc,1,0.0,2.555,0,2027
crc,2,0.0008333333333333332,3.955,0,2027
crc,3,0.04689321789321789,6.215,0,2027
crc,4,0.17595333832833832,10.96,0,2027
crc,5,0.2939900561040267,17.43,0,2027
aacrc,1,0.12901190476190474,2.155,0,2027
aacrc,2,0.05357341269841269,3.705,0,2027
aacrc,3,0.07358964646464647,5.48,0,2027
aacrc,4,0.11982960095460095,14.625,0,2027
aacrc,5,0.11727621194165312,29.955,0,2027
recirc,1,0.07289285714285715,2.315,0,2027
recirc,2,0.10603463203463204,3.43,0,2027
recirc,3,0.11702615440115441,5.07,0,2027
recirc,4,0.12035545010545011,14.545,0,2027
recirc,5,0.10826148483869073,30.395,0,2027
oracle,1,0.10914285714285715,2.27,0,2027
oracle,2,0.11337536075036074,3.48,0,2027
oracle,3,0.10518290043290043,5.06,0,2027
oracle,4,0.12453414640914641,14.205,0,2027
oracle,5,0.10175216654260771,31.6,0,2027
crc,1,0.0,2.695,1,2028
crc,2,0.0019642857142857144,4.005,1,2028
crc,3,0.028728174603174606,7.02,1,2028
crc,4,0.14781071706071708,11.75,1,2028
crc,5,0.2880504634254634,18.15,1,2028
aacrc,1,0.10767857142857143,2.365,1,2028
aacrc,2,0.03525595238095238,3.715,1,2028
aacrc,3,0.05852380952380953,6.305,1,2028
aacrc,4,0.08896686646686647,15.395,1,2028
aacrc,5,0.11697309634809634,31.095,1,2028
recirc,1,0.06977380952380954,2.47,1,2028
recirc,2,0.07463690476190477,3.525,1,2028
recirc,3,0.11924801587301587,5.255,1,2028
recirc,4,0.1498750555000555,13.36,1,2028
recirc,5,0.11734623709623708,30.9,1,2028
oracle,1,0.09973214285714285,2.395,1,2028
oracle,2,0.08331746031746032,3.49,1,2028
oracle,3,0.08483531746031746,5.69,1,2028
oracle,4,0.1037152985902986,14.44,1,2028
oracle,5,0.10821925296925297,31.115,1,2028
crc,1,0.0,2.88,2,2029
crc,2,0.00125,4.0,2,2029
crc,3,0.029402958152958153,6.195,2,2029
crc,4,0.138998667998668,11.88,2,2029
crc,5,0.3077847014097014,17.69,2,2029
aacrc,1,0.08413095238095238,2.6,2,2029
aacrc,2,0.03409920634920635,3.725,2,2029
aacrc,3,0.05513708513708513,5.525,2,2029
aacrc,4,0.08439657564657564,15.645,2,2029
aacrc,5,0.1165333832833833,30.675,2,2029
recirc,1,0.04135119047619048,2.715,2,2029
recirc,2,0.06344246031746031,3.565,2,2029
recirc,3,0.0925479797979798,5.06,2,2029
recirc,4,0.08701616439116439,15.78,2,2029
recirc,5,0.1141551295926296,30.605,2,2029
oracle,1,0.06873412698412698,2.665,2,2029
oracle,2,0.0754642857142857,3.55,2,2029
oracle,3,0.0668277417027417,5.215,2,2029
oracle,4,0.08080350205350205,16.12,2,2029
oracle,5,0.08792585886335885,32.415,2,2029
crc,1,0.0,2.57,3,2030
crc,2,0.0027916666666666667,3.92,3,2030
crc,3,0.043597222222222225,6.05,3,2030
crc,4,0.11602999777999777,10.735,3,2030
crc,5,0.28951179376179376,17.075,3,2030
aacrc,1,0.1539166666666667,2.07,3,2030
aacrc,2,0.02797023809523809,3.755,3,2030
aacrc,3,0.0711547619047619,5.505,3,2030
aacrc,4,0.06569864857364857,14.405,3,2030
aacrc,5,0.10340277777777779,29.725,3,2030
recirc,1,0.07425000000000001,2.34,3,2030
recirc,2,0.08284722222222224,3.515,3,2030
recirc,3,0.13305772005772007,4.865,3,2030
recirc,4,0.09495826395826396,14.315,3,2030
recirc,5,0.11119225219225219,28.935,3,2030
oracle,1,0.10008333333333333,2.31,3,2030
oracle,2,0.06871825396825397,3.58,3,2030
oracle,3,0.11406746031746032,4.87,3,2030
oracle,4,0.07866491841491842,13.51,3,2030
oracle,5,0.09656528194028194,30.2,3,2030
crc,1,0.0,2.585,4,2031
crc,2,0.004166666666666667,3.93,4,2031
crc,3,0.027037698412698413,5.905,4,2031
crc,4,0.1340644633144633,10.84,4,2031
crc,5,0.284847471972472,17.2,4,2031
aacrc,1,0.12658333333333333,2.235,4,2031
aacrc,2,0.04835119047619048,3.69,4,2031
aacrc,3,0.06169444444444444,5.19,4,2031
aacrc,4,0.09122693972693974,14.46,4,2031
aacrc,5,0.11877508602508602,29.99,4,2031
recirc,1,0.05583928571428572,2.395,4,2031
recirc,2,0.08692676767676767,3.47,4,2031
recirc,3,0.09425198412698414,4.84,4,2031
recirc,4,0.1297307137307137,12.185,4,2031
recirc,5,0.13678528416028415,27.41,4,2031
oracle,1,0.10487500000000001,2.32,4,2031
oracle,2,0.10686525974025975,3.47,4,2031
oracle,3,0.09260714285714286,4.79,4,2031
oracle,4,0.10011756299256298,13.375,4,2031
oracle,5,0.11924929237429235,29.365,4,2031
crc,1,0.0,2.7,5,2032
crc,2,0.0016666666666666663,3.93,5,2032
crc,3,0.0426032856032856,6.915,5,2032
crc,4,0.1636765873015873,11.33,5,2032
crc,5,0.313379551004551,17.555,5,2032
aacrc,1,0.10541666666666667,2.37,5,2032
aacrc,2,0.06687896825396825,3.56,5,2032
aacrc,3,0.0635495337995338,6.4,5,2032
aacrc,4,0.10859289321789323,15.225,5,2032
aacrc,5,0.11601723276723278,30.205,5,2032
recirc,1,0.04161706349206349,2.54,5,2032
recirc,2,0.0844920634920635,3.45,5,2032
recirc,3,0.1225059385059385,5.415,5,2032
recirc,4,0.13092839105339105,14.115,5,2032
recirc,5,0.14521168414918414,28.105,5,2032
oracle,1,0.07678373015873018,2.505,5,2032
oracle,2,0.11315277777777778,3.385,5,2032
oracle,3,0.07496210733710734,5.94,5,2032
oracle,4,0.1020892857142857,15.56,5,2032
oracle,5,0.08981831363081362,32.21,5,2032
crc,1,0.0,2.85,6,2033
crc,2,0.004464285714285715,3.87,6,2033
crc,3,0.046704365079365075,6.345,6,2033
crc,4,0.15846725496725497,10.9,6,2033
crc,5,0.31660848873348874,16.625,6,2033
aacrc,1,0.13966666666666666,2.46,6,2033
aacrc,2,0.04935714285714285,3.645,6,2033
aacrc,3,0.07173412698412698,5.895,6,2033
aacrc,4,0.0906367105117105,15.25,6,2033
aacrc,5,0.09693011155511157,30.83,6,2033
recirc,1,0.04634523809523809,2.685,6,2033
recirc,2,0.08171428571428571,3.515,6,2033
recirc,3,0.08091883116883118,5.615,6,2033
recirc,4,0.12104757742257742,13.425,6,2033
recirc,5,0.09911574536574537,30.05,6,2033
oracle,1,0.0855952380952381,2.625,6,2033
oracle,2,0.10104761904761904,3.5,6,2033
oracle,3,0.09657936507936508,5.435,6,2033
oracle,4,0.09247238872238872,14.415,6,2033
oracle,5,0.08859335109335109,31.235,6,2033
crc,1,0.0,2.515,7,2034
crc,2,0.005375,3.855,7,2034
crc,3,0.03403571428571429,5.98,7,2034
crc,4,0.15257953157953158,11.145,7,2034
crc,5,0.292871225996226,17.825,7,2034
aacrc,1,0.097125,2.275,7,2034
aacrc,2,0.04677579365079366,3.615,7,2034
aacrc,3,0.0766626984126984,5.13,7,2034
aacrc,4,0.10760274447774448,14.375,7,2034
aacrc,5,0.09948075535575537,30.785,7,2034
recirc,1,0.06808333333333333,2.285,7,2034
recirc,2,0.08153391053391054,3.47,7,2034
recirc,3,0.10349206349206348,4.94,7,2034
recirc,4,0.1116520979020979,14.21,7,2034
recirc,5,0.09096259296259296,32.155,7,2034
oracle,1,0.07516666666666667,2.32,7,2034
oracle,2,0.11015512265512266,3.425,7,2034
oracle,3,0.10708531746031745,4.77,7,2034
oracle,4,0.11521391108891109,13.88,7,2034
oracle,5,0.09774019036519035,31.155,7,2034
crc,1,0.0,2.69,8,2035
crc,2,0.0016666666666666668,3.57,8,2035
crc,3,0.022535409035409036,6.21,8,2035
crc,4,0.14645714701964704,10.785,8,2035
crc,5,0.26792916111666115,17.24,8,2035
aacrc,1,0.13258333333333333,2.35,8,2035
aacrc,2,0.03641666666666667,3.38,8,2035
aacrc,3,0.04277777777777778,5.46,8,2035
aacrc,4,0.11015301365301365,13.235,8,2035
aacrc,5,0.10220204795204797,28.66,8,2035
recirc,1,0.03925,2.54,8,2035
recirc,2,0.0745654761904762,3.23,8,2035
recirc,3,0.09320808358308358,5.03,8,2035
recirc,4,0.1324618783993784,12.68,8,2035
recirc,5,0.10953161421911421,28.82,8,2035
oracle,1,0.11408333333333333,2.39,8,2035
oracle,2,0.08883333333333333,3.17,8,2035
oracle,3,0.08876562326562326,4.925,8,2035
oracle,4,0.12211320623820622,12.455,8,2035
oracle,5,0.09507656232656232,29.125,8,2035
crc,1,0.0,2.625,9,2036
crc,2,0.0,3.735,9,2036
crc,3,0.031208333333333334,5.96,9,2036
crc,4,0.14712626262626263,10.875,9,2036
crc,5,0.2819348013098013,17.005,9,2036
aacrc,1,0.1295,2.26,9,2036
aacrc,2,0.047847222222222215,3.445,9,2036
aacrc,3,0.07437914862914863,5.19,9,2036
aacrc,4,0.09729834054834054,13.98,9,2036
aacrc,5,0.12529000166500168,28.73,9,2036
recirc,1,0.05708333333333334,2.42,9,2036
recirc,2,0.11187896825396824,3.22,9,2036
recirc,3,0.12130176767676767,4.66,9,2036
recirc,4,0.12803932178932179,12.64,9,2036
recirc,5,0.1488829365079365,26.205,9,2036
oracle,1,0.061416666666666675,2.46,9,2036
oracle,2,0.11800992063492063,3.215,9,2036
oracle,3,0.09285533910533911,4.875,9,2036
oracle,4,0.10692135642135643,13.64,9,2036
oracle,5,0.10503386890886893,30.035,9,2036
crc,1,0.0,2.84,10,2037
crc,2,0.007083333333333333,3.815,10,2037
crc,3,0.022607142857142857,5.635,10,2037
crc,4,0.11784421134421134,10.625,10,2037
crc,5,0.2752370084980379,17.655,10,2037
aacrc,1,0.14538690476190477,2.38,10,2037
aacrc,2,0.04217261904761904,3.555,10,2037
aacrc,3,0.05659145021645022,4.8,10,2037
aacrc,4,0.09294900932400932,12.825,10,2037
aacrc,5,0.1036525015017662,29.565,10,2037
recirc,1,0.056815476190476194,2.605,10,2037
recirc,2,0.08672619047619047,3.6,10,2037
recirc,3,0.09697492784992785,4.5,10,2037
recirc,4,0.11084053446553446,11.9,10,2037
recirc,5,0.13154305539232009,26.715,10,2037
oracle,1,0.10460714285714286,2.54,10,2037
oracle,2,0.07147619047619047,3.455,10,2037
oracle,3,0.08660948773448773,4.435,10,2037
oracle,4,0.10203252303252304,12.445,10,2037
oracle,5,0.0890901471894119,31.03,10,2037
crc,1,0.0,2.585,11,2038
crc,2,0.004333333333333333,3.89,11,2038
crc,3,0.03870670995670996,6.45,11,2038
crc,4,0.18955717893217894,10.905,11,2038
crc,5,0.34183180708180716,17.265,11,2038
aacrc,1,0.10496428571428572,2.26,11,2038
aacrc,2,0.03978174603174603,3.655,11,2038
aacrc,3,0.07603607503607504,5.955,11,2038
aacrc,4,0.11885209235209235,15.13,11,2038
aacrc,5,0.12425926850926851,30.68,11,2038
recirc,1,0.04140079365079366,2.425,11,2038
recirc,2,0.10213690476190475,3.335,11,2038
recirc,3,0.1044724025974026,5.52,11,2038
recirc,4,0.124011544011544,15.325,11,2038
recirc,5,0.13950996225996223,29.835,11,2038
oracle,1,0.055019841269841274,2.44,11,2038
oracle,2,0.0736765873015873,3.54,11,2038
oracle,3,0.07282557720057721,5.955,11,2038
oracle,4,0.09040963203463201,17.475,11,2038
oracle,5,0.09030051892551892,34.26,11,2038
crc,1,0.0,2.805,12,2039
crc,2,0.0017142857142857142,3.61,12,2039
crc,3,0.0318553391053391,6.57,12,2039
crc,4,0.11310003885003883,11.18,12,2039
crc,5,0.2921344488844489,17.87,12,2039
aacrc,1,0.12233333333333335,2.39,12,2039
aacrc,2,0.040595238095238094,3.37,12,2039
aacrc,3,0.07805393217893218,5.61,12,2039
aacrc,4,0.08734348984348983,13.61,12,2039
aacrc,5,0.12002000777000778,29.3,12,2039
recirc,1,0.039214285714285715,2.66,12,2039
recirc,2,0.06612103174603176,3.24,12,2039
recirc,3,0.10371158008658007,5.13,12,2039
recirc,4,0.10902765290265291,12.605,12,2039
recirc,5,0.14144302919302917,28.335,12,2039
oracle,1,0.06913095238095238,2.605,12,2039
oracle,2,0.0766547619047619,3.22,12,2039
oracle,3,0.09914538239538238,5.18,12,2039
oracle,4,0.08918566156066156,13.54,12,2039
oracle,5,0.11586145798645799,30.245,12,2039
crc,1,0.0,2.71,13,2040
crc,2,0.0032142857142857147,3.99,13,2040
crc,3,0.03511544011544012,6.355,13,2040
crc,4,0.13566761016761017,10.835,13,2040
crc,5,0.31474114774114775,16.845,13,2040
aacrc,1,0.12491666666666668,2.375,13,2040
aacrc,2,0.042273809523809526,3.705,13,2040
aacrc,3,0.0671650432900433,5.68,13,2040
aacrc,4,0.08396481296481297,14.39,13,2040
aacrc,5,0.12287817737817738,29.18,13,2040
recirc,1,0.032464285714285716,2.58,13,2040
recirc,2,0.08594642857142859,3.535,13,2040
recirc,3,0.09666143578643577,5.315,13,2040
recirc,4,0.10263837551337553,13.245,13,2040
recirc,5,0.12681071706071706,28.555,13,2040
oracle,1,0.07675,2.52,13,2040
oracle,2,0.09308333333333334,3.52,13,2040
oracle,3,0.08105790043290044,5.345,13,2040
oracle,4,0.07889536852036853,14.16,13,2040
oracle,5,0.10047552447552448,30.935,13,2040
crc,1,0.0,2.82,14,2041
crc,2,0.002666666666666666,4.035,14,2041
crc,3,0.03667460317460318,6.93,14,2041
crc,4,0.18249585137085136,11.955,14,2041
crc,5,0.29347313797313795,17.82,14,2041
aacrc,1,0.10896428571428572,2.465,14,2041
aacrc,2,0.06301785714285714,3.665,14,2041
aacrc,3,0.06327579365079364,6.425,14,2041
aacrc,4,0.11671536796536795,16.59,14,2041
aacrc,5,0.11045321345321345,30.955,14,2041
recirc,1,0.03433928571428571,2.695,14,2041
recirc,2,0.09286309523809523,3.53,14,2041
recirc,3,0.09754581529581528,5.56,14,2041
recirc,4,0.12806637806637805,15.705,14,2041
recirc,5,0.09226887001887,31.535,14,2041
oracle,1,0.06775595238095239,2.615,14,2041
oracle,2,0.11807142857142856,3.49,14,2041
oracle,3,0.0865916305916306,5.84,14,2041
oracle,4,0.11429834054834057,15.97,14,2041
oracle,5,0.09259805472305473,32.005,14,2041
crc,1,0.0,2.605,15,2042
crc,2,0.0005555555555555558,4.11,15,2042
crc,3,0.034988095238095235,6.45,15,2042
crc,4,0.13507882395382395,11.86,15,2042
crc,5,0.26372912136882726,18.46,15,2042
aacrc,1,0.11563690476190476,2.26,15,2042
aacrc,2,0.051779761904761905,3.745,15,2042
aacrc,3,0.06157142857142857,5.465,15,2042
aacrc,4,0.09518921356421357,14.6,15,2042
aacrc,5,0.09478261526055644,30.325,15,2042
recirc,1,0.038672619047619046,2.46,15,2042
recirc,2,0.07416071428571429,3.595,15,2042
recirc,3,0.08277579365079366,5.58,15,2042
recirc,4,0.11244588744588745,13.96,15,2042
recirc,5,0.09772348892937127,30.505,15,2042
oracle,1,0.07825595238095238,2.44,15,2042
oracle,2,0.08200595238095239,3.605,15,2042
oracle,3,0.08155555555555555,5.19,15,2042
oracle,4,0.08536958874458875,14.865,15,2042
oracle,5,0.06984273079861315,32.48,15,2042
crc,1,0.0,2.565,16,2043
crc,2,0.00375,3.76,16,2043
crc,3,0.04962301587301587,5.96,16,2043
crc,4,0.14145400432900432,11.385,16,2043
crc,5,0.2989200105450105,17.49,16,2043
aacrc,1,0.12354761904761905,2.195,16,2043
aacrc,2,0.04154761904761904,3.53,16,2043
aacrc,3,0.0740515873015873,5.46,16,2043
aacrc,4,0.08531403318903319,15.325,16,2043
aacrc,5,0.12565879953379952,30.025,16,2043
recirc,1,0.05042857142857143,2.39,16,2043
recirc,2,0.0978713924963925,3.27,16,2043
recirc,3,0.12523647186147188,4.9,16,2043
recirc,4,0.1263414502164502,13.12,16,2043
recirc,5,0.1563037934287934,27.51,16,2043
oracle,1,0.14007142857142857,2.21,16,2043
oracle,2,0.11097655122655123,3.295,16,2043
oracle,3,0.13671049783549782,4.78,16,2043
oracle,4,0.11481457431457433,13.655,16,2043
oracle,5,0.12728571428571428,29.48,16,2043
crc,1,0.0,2.765,17,2044
crc,2,0.0075,4.2,17,2044
crc,3,0.050720779220779215,6.37,17,2044
crc,4,0.1496839133089133,10.935,17,2044
crc,5,0.32996158008658016,17.01,17,2044
aacrc,1,0.09041666666666666,2.5,17,2044
aacrc,2,0.053125,3.91,17,2044
aacrc,3,0.07269877344877346,6.125,17,2044
aacrc,4,0.08328468753468753,15.675,17,2044
aacrc,5,0.13124324286824288,30.65,17,2044
recirc,1,0.057845238095238095,2.555,17,2044
recirc,2,0.09264880952380952,3.7,17,2044
recirc,3,0.09017483904983906,5.77,17,2044
recirc,4,0.1130183288933289,14.52,17,2044
recirc,5,0.14015048840048838,29.725,17,2044
oracle,1,0.1261309523809524,2.445,17,2044
oracle,2,0.10221230158730159,3.675,17,2044
oracle,3,0.10735160672660672,5.47,17,2044
oracle,4,0.08942357642357641,15.215,17,2044
oracle,5,0.10863213175713175,31.87,17,2044
crc,1,0.0,2.49,18,2045
crc,2,0.0034999999999999996,3.915,18,2045
crc,3,0.021470238095238098,6.555,18,2045
crc,4,0.1363470140970141,11.895,18,2045
crc,5,0.27382506382506383,18.145,18,2045
aacrc,1,0.12591666666666668,2.19,18,2045
aacrc,2,0.05735119047619047,3.575,18,2045
aacrc,3,0.05469264069264069,5.68,18,2045
aacrc,4,0.09532731157731156,15.285,18,2045
aacrc,5,0.1083801615051615,30.52,18,2045
recirc,1,0.029083333333333333,2.385,18,2045
recirc,2,0.07161904761904761,3.49,18,2045
recirc,3,0.12500270562770563,5.155,18,2045
recirc,4,0.12572315184815186,14.1,18,2045
recirc,5,0.12297947885447887,28.755,18,2045
oracle,1,0.08308333333333334,2.255,18,2045
oracle,2,0.13397420634920634,3.315,18,2045
oracle,3,0.10463149350649349,5.01,18,2045
oracle,4,0.11903545066045065,13.22,18,2045
oracle,5,0.12322143134643132,28.83,18,2045
crc,1,0.0,2.66,19,2046
crc,2,0.000625,3.755,19,2046
crc,3,0.04069065656565656,6.28,19,2046
crc,4,0.1716604784104784,11.27,19,2046
crc,5,0.30591492535242537,17.225,19,2046
aacrc,1,0.07316666666666667,2.465,19,2046
aacrc,2,0.04422023809523809,3.49,19,2046
aacrc,3,0.06956168831168831,5.655,19,2046
aacrc,4,0.10758985458985458,14.99,19,2046
aacrc,5,0.11518808275058273,29.825,19,2046
recirc,1,0.03266666666666666,2.55,19,2046
recirc,2,0.07938293650793651,3.34,19,2046
recirc,3,0.10240494227994228,5.17,19,2046
recirc,4,0.1367658175158175,13.55,19,2046
recirc,5,0.15436691086691087,26.47,19,2046
oracle,1,0.10979761904761905,2.405,19,2046
oracle,2,0.10116666666666667,3.285,19,2046
oracle,3,0.1223255772005772,4.995,19,2046
oracle,4,0.12694198856698857,13.88,19,2046
oracle,5,0.11070016788766787,29.745,19,2046
