group,operating_range_min,operating_range_max,max_signed_deviation,a_at_max_signed_deviation,observed_loss_at_max_signed_deviation,average_signed_deviation,budgets_in_range,trials
Overall,0.05,0.2,-0.005985901253918492,0.05,0.04401409874608151,-0.03040313479623824,16,20
Bin 1,0.05,0.2,-0.013370824748553764,0.05,0.03662917525144624,-0.04796937407104456,16,20
Bin 2,0.05,0.2,-0.004852657829198893,0.05,0.04514734217080111,-0.02532242062194247,16,20
Bin 3,0.05,0.2,0.006979489713541481,0.05,0.056979489713541484,-0.012543351056027822,16,20
Bin 4,0.05,0.2,0.00755687238906657,0.05,0.05755687238906657,-0.01759017748558564,16,20
Bin 5,0.05,0.2,0.0005462602952690035,0.05,0.050546260295269006,-0.0265822450363787,16,20
Bin 6,0.05,0.2,-0.0017348927208476264,0.05,0.048265107279152376,-0.029478905870623823,16,20
Bin 7,0.05,0.2,-0.008084189223150462,0.05,0.04191581077684954,-0.03570740926420335,16,20
Bin 8,0.05,0.2,-0.007177521095996911,0.05,0.04282247890400309,-0.029305888218130245,16,20
Bin 9,0.05,0.2,-0.017585814922209425,0.05,0.03241418507779058,-0.03741179464293357,16,20
Bin 10,0.05,0.2,-0.023170569935499433,0.05,0.02682943006450057,-0.042970914502935074,16,20
