method,bin,conditional_risk,mean_set_size,region_area,pixelwise_coverage,efficiency_y_over_c,lambda_mean,excess,trial,seed
Standard CRC,0,0.003866086535465959,30870.133333333335,30870.133333333335,0.9961339134645341,0.9500194892736973,0.6,0.0,0,2026
Standard CRC,1,0.006580915122082751,14422.52427184466,14422.52427184466,0.9934190848779173,0.9393738491376831,0.6,0.0,0,2026
Standard CRC,2,0.021253040553679586,8803.716216216217,8803.716216216217,0.9787469594463204,0.9374813353825271,0.6,0.0,0,2026
Standard CRC,3,0.046024579647408366,10037.364864864865,10037.364864864865,0.9539754203525916,0.9344368096084363,0.6,0.0,0,2026
Standard CRC,4,0.4187154632799297,13698.902777777777,13698.902777777777,0.5812845367200703,0.7895718770537966,0.6,0.3187154632799297,0,2026
AA-CRC,0,0.08735375420653127,26851.76,26851.76,0.9126462457934688,1.092121756670186,0.32422034369897845,0.0,0,2026
AA-CRC,1,0.07346754352113873,12687.029126213592,12687.029126213592,0.9265324564788613,1.0708865395206517,0.3805972131074793,0.0,0,2026
AA-CRC,2,0.08142291299356086,7774.783783783784,7774.783783783784,0.9185770870064391,1.066204474321333,0.4341088827074476,0.0,0,2026
AA-CRC,3,0.08915430551030418,8763.72972972973,8763.72972972973,0.9108456944896959,1.0425789454921741,0.476449169399781,0.0,0,2026
AA-CRC,4,0.1522324217266239,46765.875,46765.875,0.8477675782733761,0.6224583307548225,0.6286540176068459,0.0522324217266239,0,2026
Rectified CRC,0,0.10336047795030263,26460.68,26460.68,0.8966395220496973,1.111919992886464,0.29386666666666666,0.003360477950302629,0,2026
Rectified CRC,1,0.10252899498180033,12267.83495145631,12267.83495145631,0.8974710050181997,1.1096383201269124,0.3297087378640776,0.0025289949818003282,0,2026
Rectified CRC,2,0.11118518364067755,7484.0,7484.0,0.8888148163593225,1.1151409104355707,0.38675675675675675,0.01118518364067754,0,2026
Rectified CRC,3,0.09172483299853541,13410.094594594595,13410.094594594595,0.9082751670014646,0.9603533519859071,0.46513513513513516,0.0,0,2026
Rectified CRC,4,0.13602742192251735,55829.083333333336,55829.083333333336,0.8639725780774826,0.6307404378295461,0.62,0.036027421922517344,0,2026
Standard CRC,0,0.0012122366294748579,34003.40243902439,34003.40243902439,0.9987877633705251,0.9402687796495753,0.62,0.0,1,2027
Standard CRC,1,0.007503614259550172,13884.030303030304,13884.030303030304,0.9924963857404498,0.9190323611659356,0.6199999999999999,0.0,1,2027
Standard CRC,2,0.011533860710261893,7143.391304347826,7143.391304347826,0.9884661392897381,0.904798004389393,0.6199999999999999,0.0,1,2027
Standard CRC,3,0.04468611754213399,9186.522222222222,9186.522222222222,0.955313882457866,1.0221698305630533,0.62,0.0,1,2027
Standard CRC,4,0.34928606353908215,11562.54411764706,11562.54411764706,0.6507139364609178,0.6035999814634727,0.6199999999999999,0.24928606353908214,1,2027
AA-CRC,0,0.07709249793422539,29707.268292682926,29707.268292682926,0.9229075020657747,1.0813943737779157,0.33387931175486746,0.0,1,2027
AA-CRC,1,0.0734559380391111,11988.818181818182,11988.818181818182,0.9265440619608889,1.0662725254789358,0.3800958179609447,0.0,1,2027
AA-CRC,2,0.06821931479274818,6176.989130434783,6176.989130434783,0.9317806852072519,1.0477460394941533,0.43459377673288835,0.0,1,2027
AA-CRC,3,0.09038662934039397,7850.466666666666,7850.466666666666,0.909613370659606,1.154241897035278,0.4850122163149536,0.0,1,2027
AA-CRC,4,0.10126122673046967,44321.60294117647,44321.60294117647,0.8987387732695303,0.5865238243762674,0.6280653343169006,0.0012612267304696612,1,2027
Rectified CRC,0,0.09333826753031797,29160.01219512195,29160.01219512195,0.9066617324696821,1.101572028872308,0.30341463414634146,0.0,1,2027
Rectified CRC,1,0.09605199291752341,11673.015151515152,11673.015151515152,0.9039480070824766,1.0960214943528,0.33787878787878783,0.0,1,2027
Rectified CRC,2,0.0936365460981578,5975.923913043478,5975.923913043478,0.9063634539018421,1.08544548320768,0.39130434782608703,0.0,1,2027
Rectified CRC,3,0.09672881204646118,12349.477777777778,12349.477777777778,0.9032711879535388,1.0953658946064055,0.4691111111111111,0.0,1,2027
Rectified CRC,4,0.10864136444196641,47839.955882352944,47839.955882352944,0.8913586355580336,0.6277490011500698,0.5955882352941178,0.008641364441966407,1,2027
Standard CRC,0,0.002037559116640462,33027.009090909094,33027.009090909094,0.9979624408833595,0.9468071245631808,0.5999999999999998,0.0,2,2028
Standard CRC,1,0.008849491887315378,12094.551282051281,12094.551282051281,0.9911505081126846,0.9157809773101115,0.6000000000000001,0.0,2,2028
Standard CRC,2,0.014419266578600006,8496.986111111111,8496.986111111111,0.9855807334214,0.9135310431932688,0.6,0.0,2,2028
Standard CRC,3,0.04218249832362184,11212.735294117647,11212.735294117647,0.9578175016763781,0.919876674945458,0.6000000000000001,0.0,2,2028
Standard CRC,4,0.3713577440507036,11349.4,11349.4,0.6286422559492963,0.5217142582268744,0.6000000000000001,0.27135774405070356,2,2028
AA-CRC,0,0.07650115944382482,28987.71818181818,28987.71818181818,0.9234988405561751,1.081327274281236,0.3304921922772705,0.0,2,2028
AA-CRC,1,0.07826148953032376,10391.97435897436,10391.97435897436,0.9217385104696763,1.059160639040199,0.3909175566548304,0.0,2,2028
AA-CRC,2,0.06575647461587739,7496.055555555556,7496.055555555556,0.9342435253841226,1.031297358466367,0.44086337250315516,0.0,2,2028
AA-CRC,3,0.0774432618464532,9978.676470588236,9978.676470588236,0.9225567381535468,1.0056236196672053,0.495591442895351,0.0,2,2028
AA-CRC,4,0.12018396586669466,42625.985714285714,42625.985714285714,0.8798160341333053,0.45897213337260406,0.6381670695298622,0.02018396586669466,2,2028
Rectified CRC,0,0.08935424753258127,28584.68181818182,28584.68181818182,0.9106457524674187,1.0971276010704665,0.307090909090909,0.0,2,2028
Rectified CRC,1,0.0869924922820737,11535.794871794871,11535.794871794871,0.9130075077179263,1.0577831815755092,0.3782051282051282,0.0,2,2028
Rectified CRC,2,0.08919958257536603,7507.333333333333,7507.333333333333,0.910800417424634,1.0515809394620197,0.4072222222222222,0.0,2,2028
Rectified CRC,3,0.09991950040914123,10188.85294117647,10188.85294117647,0.9000804995908588,1.0184746361225394,0.4464705882352941,0.0,2,2028
Rectified CRC,4,0.09145346797391818,49994.94285714286,49994.94285714286,0.9085465320260818,0.4832403298569413,0.6237142857142857,0.0,2,2028
Standard CRC,0,0.0023410337028982892,34692.91025641026,34692.91025641026,0.9976589662971017,0.9372498730860607,0.6199999999999998,0.0,3,2029
Standard CRC,1,0.004339099809509527,15241.585714285715,15241.585714285715,0.9956609001904905,0.9211619752552072,0.6199999999999998,0.0,3,2029
Standard CRC,2,0.01610751108406913,8341.871794871795,8341.871794871795,0.9838924889159308,0.9166935264720655,0.6199999999999998,0.0,3,2029
Standard CRC,3,0.04614793140671559,9300.103092783505,9300.103092783505,0.9538520685932844,0.9211362681467874,0.62,0.0,3,2029
Standard CRC,4,0.32744125488471476,14692.48,14692.48,0.6725587451152852,3.9859006502205525,0.6199999999999999,0.22744125488471476,3,2029
AA-CRC,0,0.08109521515871619,30108.923076923078,30108.923076923078,0.9189047848412838,1.0839889500918316,0.32564586873204554,0.0,3,2029
AA-CRC,1,0.08090102554239216,12993.142857142857,12993.142857142857,0.9190989744576078,1.0800664636938333,0.37517448368673245,0.0,3,2029
AA-CRC,2,0.07539225283479557,7197.5641025641025,7197.5641025641025,0.9246077471652044,1.0602514969826824,0.4293511725045332,0.0,3,2029
AA-CRC,3,0.08783480715465615,8118.969072164949,8118.969072164949,0.9121651928453438,1.0497580876183834,0.48350995439675626,0.0,3,2029
AA-CRC,4,0.10631252667412602,43926.293333333335,43926.293333333335,0.893687473325874,0.6234888634469605,0.6203699292831517,0.006312526674126018,3,2029
Rectified CRC,0,0.0898308885228149,29724.641025641027,29724.641025641027,0.910169111477185,1.093206873765143,0.3125641025641026,0.0,3,2029
Rectified CRC,1,0.09701040822105096,12725.9,12725.9,0.902989591778949,1.0997006443054038,0.3474285714285714,0.0,3,2029
Rectified CRC,2,0.10379450082555472,6982.871794871795,6982.871794871795,0.8962054991744453,1.1064271345565928,0.3853846153846154,0.003794500825554714,3,2029
Rectified CRC,3,0.09686553234731306,13969.824742268042,13969.824742268042,0.9031344676526869,0.9635187480012388,0.47298969072164954,0.0,3,2029
Rectified CRC,4,0.08624973467190257,53541.16,53541.16,0.9137502653280974,0.5890124953562079,0.6045333333333333,0.0,3,2029
Standard CRC,0,0.006302530807486278,31149.0,31149.0,0.9936974691925137,0.9724873167927363,0.5399999999999999,0.0,4,2030
Standard CRC,1,0.017075381508180706,13218.817073170732,13218.817073170732,0.9829246184918193,0.9721636401489772,0.54,0.0,4,2030
Standard CRC,2,0.023329932113910195,9069.969696969696,9069.969696969696,0.9766700678860898,0.9654821997787529,0.54,0.0,4,2030
Standard CRC,3,0.056674379966712624,9278.092783505155,9278.092783505155,0.9433256200332873,0.989861236448587,0.54,0.0,4,2030
Standard CRC,4,0.4756856482481466,8984.686567164179,8984.686567164179,0.5243143517518534,0.6727990846452391,0.54,0.37568564824814654,4,2030
AA-CRC,0,0.08367523272746363,27436.54651162791,27436.54651162791,0.9163247672725363,1.0975084186756716,0.33015319407993426,0.0,4,2030
AA-CRC,1,0.08013667555602166,11948.780487804877,11948.780487804877,0.9198633244439783,1.0730484150773079,0.3782861271691167,0.0,4,2030
AA-CRC,2,0.066287450604129,8336.242424242424,8336.242424242424,0.933712549395871,1.0446833205906223,0.43021921173147654,0.0,4,2030
AA-CRC,3,0.07617197999068792,8702.525773195875,8702.525773195875,0.9238280200093121,1.0214127571812144,0.4889760137110794,0.0,4,2030
AA-CRC,4,0.07665107388747085,52916.880597014926,52916.880597014926,0.9233489261125292,0.4124526411972903,0.6560167213843731,0.0,4,2030
Rectified CRC,0,0.10174298098680577,27342.13953488372,27342.13953488372,0.8982570190131942,1.1094001410007157,0.29023255813953497,0.0017429809868057672,4,2030
Rectified CRC,1,0.10365569192168346,11579.963414634147,11579.963414634147,0.8963443080783166,1.1070721883059629,0.3382926829268292,0.0036556919216834544,4,2030
Rectified CRC,2,0.10206147861669373,7944.106060606061,7944.106060606061,0.8979385213833062,1.0944406589968563,0.3721212121212121,0.0020614786166937293,4,2030
Rectified CRC,3,0.07579965495901278,15033.453608247422,15033.453608247422,0.9242003450409872,0.9414847710257906,0.4820618556701031,0.0,4,2030
Rectified CRC,4,0.06450997268553496,64810.985074626864,64810.985074626864,0.9354900273144651,0.40631096922286614,0.6456716417910446,0.0,4,2030
Standard CRC,0,0.0013882428451345804,38116.07792207792,38116.07792207792,0.9986117571548654,0.9395099404560243,0.6199999999999999,0.0,5,2031
Standard CRC,1,0.005620140713823677,14662.511111111111,14662.511111111111,0.9943798592861763,0.9205456240239779,0.62,0.0,5,2031
Standard CRC,2,0.01628974312255325,9158.157894736842,9158.157894736842,0.9837102568774467,0.9076529677024924,0.6199999999999999,0.0,5,2031
Standard CRC,3,0.03765304608518793,9305.014705882353,9305.014705882353,0.9623469539148121,0.9119864337471032,0.6199999999999999,0.0,5,2031
Standard CRC,4,0.32014346258887166,15839.528735632184,15839.528735632184,0.6798565374111283,1.5835313713082209,0.6199999999999998,0.22014346258887166,5,2031
AA-CRC,0,0.07624420261858281,33360.03896103896,33360.03896103896,0.9237557973814172,1.0783938833952904,0.3299804703695679,0.0,5,2031
AA-CRC,1,0.07647314035285686,12597.333333333334,12597.333333333334,0.9235268596471431,1.0699636775725119,0.37673191176836884,0.0,5,2031
AA-CRC,2,0.07224530519208731,7993.973684210527,7993.973684210527,0.9277546948079127,1.0505276888328978,0.43595992083414303,0.0,5,2031
AA-CRC,3,0.08515083576112209,8030.426470588235,8030.426470588235,0.9148491642388779,1.043237559607461,0.47806847992944945,0.0,5,2031
AA-CRC,4,0.11526283654469083,38459.90804597701,38459.90804597701,0.8847371634553092,0.7725078674964038,0.6107624727303196,0.015262836544690822,5,2031
Rectified CRC,0,0.09333054355289798,32646.922077922078,32646.922077922078,0.9066694564471021,1.0989166610876429,0.2994805194805194,0.0,5,2031
Rectified CRC,1,0.09902719427289206,12336.233333333334,12336.233333333334,0.9009728057271079,1.1028469513985095,0.33422222222222214,0.0,5,2031
Rectified CRC,2,0.08817806406878072,7860.434210526316,7860.434210526316,0.9118219359312193,1.0693361048769954,0.4107894736842105,0.0,5,2031
Rectified CRC,3,0.07944795301043787,20630.323529411766,20630.323529411766,0.9205520469895622,0.858702403831,0.4955882352941175,0.0,5,2031
Rectified CRC,4,0.11905680407822636,50768.333333333336,50768.333333333336,0.8809431959217736,0.7978517010929218,0.6006896551724139,0.019056804078226353,5,2031
Standard CRC,0,0.005578687347457067,33631.71875,33631.71875,0.994421312652543,0.9731819699868169,0.54,0.0,6,2032
Standard CRC,1,0.01376904243894067,14720.747126436781,14720.747126436781,0.9862309575610593,0.9705248274702871,0.5399999999999999,0.0,6,2032
Standard CRC,2,0.028824184040135065,7051.734939759036,7051.734939759036,0.9711758159598649,0.9709451365590729,0.54,0.0,6,2032
Standard CRC,3,0.04398845822334247,9175.142857142857,9175.142857142857,0.9560115417766575,0.9689522302681614,0.54,0.0,6,2032
Standard CRC,4,0.46796968955155344,12036.675,12036.675,0.5320303104484465,1.5570827379236263,0.54,0.3679696895515534,6,2032
AA-CRC,0,0.08870453031197645,29374.546875,29374.546875,0.9112954696880236,1.101927382165546,0.32015918180551745,0.0,6,2032
AA-CRC,1,0.07764848855477938,13308.413793103447,13308.413793103447,0.9223515114452207,1.0735945495086483,0.3693865593875348,0.0,6,2032
AA-CRC,2,0.07196092440801677,6441.638554216867,6441.638554216867,0.9280390755919832,1.0542371626293963,0.4321657221049779,0.0,6,2032
AA-CRC,3,0.07235443171704278,8337.333333333334,8337.333333333334,0.9276455682829572,1.016631484935021,0.471773169813715,0.0,6,2032
AA-CRC,4,0.15360286788028743,48293.6125,48293.6125,0.8463971321197126,0.6504906679172002,0.6205495526861489,0.053602867880287425,6,2032
Rectified CRC,0,0.10374011248832421,29412.734375,29412.734375,0.8962598875116758,1.110641610370322,0.28375,0.0037401124883242043,6,2032
Rectified CRC,1,0.10058456057694065,13018.67816091954,13018.67816091954,0.8994154394230593,1.1045256260687937,0.33034482758620687,0.0005845605769406459,6,2032
Rectified CRC,2,0.10943127421775115,6149.44578313253,6149.44578313253,0.8905687257822489,1.110787129156294,0.37253012048192763,0.00943127421775114,6,2032
Rectified CRC,3,0.0897269539734273,10149.309523809523,10149.309523809523,0.9102730460265727,1.0056280955801467,0.45690476190476204,0.0,6,2032
Rectified CRC,4,0.1325983539027514,54777.575,54777.575,0.8674016460972486,0.6046244075248162,0.61175,0.0325983539027514,6,2032
Standard CRC,0,0.006677441868432428,33754.56989247312,33754.56989247312,0.9933225581315676,0.9805521264074943,0.54,0.0,7,2033
Standard CRC,1,0.020794108735469097,10957.701030927836,10957.701030927836,0.979205891264531,0.9635385544958595,0.54,0.0,7,2033
Standard CRC,2,0.027220715478842052,9576.106666666667,9576.106666666667,0.9727792845211579,0.9764197510049193,0.54,0.0,7,2033
Standard CRC,3,0.0679637315066236,8988.602739726028,8988.602739726028,0.9320362684933764,0.9768496168434829,0.54,0.0,7,2033
Standard CRC,4,0.4913166314745871,10837.083333333334,10837.083333333334,0.5086833685254128,1.955370752197394,0.5399999999999999,0.39131663147458706,7,2033
AA-CRC,0,0.08215132578825046,30428.37634408602,30428.37634408602,0.9178486742117495,1.0892492202594113,0.33332137485116853,0.0,7,2033
AA-CRC,1,0.07552460674503188,9955.752577319588,9955.752577319588,0.9244753932549681,1.0585918916173032,0.39766207476622284,0.0,7,2033
AA-CRC,2,0.06734290072942947,8845.12,8845.12,0.9326570992705705,1.04681415458396,0.44022486706141045,0.0,7,2033
AA-CRC,3,0.08762503855215599,8433.72602739726,8433.72602739726,0.912374961447844,1.0153994320907418,0.4910532475272459,0.0,7,2033
AA-CRC,4,0.1066966416134866,56815.7,56815.7,0.8933033583865134,0.4503041462794455,0.6534929202466079,0.006696641613486598,7,2033
Rectified CRC,0,0.09755504486041608,29974.37634408602,29974.37634408602,0.9024449551395839,1.1082311529183169,0.30043010752688176,0.0,7,2033
Rectified CRC,1,0.0947945643067519,9734.247422680412,9734.247422680412,0.9052054356932481,1.0872358927091388,0.36123711340206177,0.0,7,2033
Rectified CRC,2,0.09645054995889879,8484.6,8484.6,0.9035494500411012,1.0924401191622417,0.3906666666666666,0.0,7,2033
Rectified CRC,3,0.0874660962066345,13898.013698630137,13898.013698630137,0.9125339037933655,0.9262545962545536,0.4931506849315068,0.0,7,2033
Rectified CRC,4,0.09672660708291698,66945.91666666667,66945.91666666667,0.903273392917083,0.38990848855929144,0.6553333333333333,0.0,7,2033
Standard CRC,0,0.0030340110623259557,35842.5,35842.5,0.9969659889376741,0.9570299408548607,0.58,0.0,8,2034
Standard CRC,1,0.0072481510613424775,14642.236842105263,14642.236842105263,0.9927518489386575,0.9359410836462403,0.5799999999999998,0.0,8,2034
Standard CRC,2,0.0185271184862393,8464.95,8464.95,0.9814728815137607,0.9247007392827709,0.58,0.0,8,2034
Standard CRC,3,0.04448315292263042,9891.69696969697,9891.69696969697,0.9555168470773696,0.9618223163154408,0.58,0.0,8,2034
Standard CRC,4,0.3393543825589045,12437.40909090909,12437.40909090909,0.6606456174410955,0.8321609027848443,0.58,0.23935438255890448,8,2034
AA-CRC,0,0.07989748522977673,31226.284090909092,31226.284090909092,0.9201025147702233,1.0990967771776186,0.33571906225504156,0.0,8,2034
AA-CRC,1,0.06775739065455065,12941.644736842105,12941.644736842105,0.9322426093454493,1.0576225845053877,0.3806918705403541,0.0,8,2034
AA-CRC,2,0.06963280772759399,7552.175,7552.175,0.930367192272406,1.0322556450991545,0.43502458647942027,0.0,8,2034
AA-CRC,3,0.08074880151528568,8927.212121212122,8927.212121212122,0.9192511984847143,1.0409546240699885,0.47849267556765085,0.0,8,2034
AA-CRC,4,0.11319949543083566,42689.125,42689.125,0.8868005045691644,0.7323940509177853,0.6077751561251943,0.01319949543083565,8,2034
Rectified CRC,0,0.10060278295156898,30885.659090909092,30885.659090909092,0.899397217048431,1.1105065179245492,0.2868181818181818,0.0006027829515689725,8,2034
Rectified CRC,1,0.09657335576953352,12477.552631578947,12477.552631578947,0.9034266442304665,1.098476691316137,0.3294736842105263,0.0,8,2034
Rectified CRC,2,0.10106496625061925,7223.5875,7223.5875,0.8989350337493808,1.0838850148720938,0.37925,0.001064966250619248,8,2034
Rectified CRC,3,0.08602200724566786,13939.09090909091,13939.09090909091,0.9139779927543321,0.9676627064715132,0.463030303030303,0.0,8,2034
Rectified CRC,4,0.09103411293632835,57684.15909090909,57684.15909090909,0.9089658870636717,0.625868188669229,0.6027272727272727,0.0,8,2034
Standard CRC,0,0.006102900506511002,33179.307692307695,33179.307692307695,0.993897099493489,0.9782019178449699,0.5399999999999999,0.0,9,2035
Standard CRC,1,0.014716549667802201,12596.034482758621,12596.034482758621,0.9852834503321978,0.9636589443226735,0.5399999999999999,0.0,9,2035
Standard CRC,2,0.024148539535568017,8479.654761904761,8479.654761904761,0.9758514604644319,0.9693466395567464,0.54,0.0,9,2035
Standard CRC,3,0.06170720358207267,9467.90410958904,9467.90410958904,0.9382927964179273,1.0087608105234864,0.54,0.0,9,2035
Standard CRC,4,0.44084235773386027,13084.157894736842,13084.157894736842,0.5591576422661397,0.6546062798850317,0.54,0.3408423577338603,9,2035
AA-CRC,0,0.08265810156494502,29784.19230769231,29784.19230769231,0.917341898435055,1.089764690944357,0.32578417943084065,0.0,9,2035
AA-CRC,1,0.07837881103280493,11323.540229885057,11323.540229885057,0.921621188967195,1.0660462207594785,0.3825258615921308,0.0,9,2035
AA-CRC,2,0.06741651504523384,7780.273809523809,7780.273809523809,0.9325834849547662,1.047494515097338,0.43626418830077923,0.0,9,2035
AA-CRC,3,0.08439002810514387,8687.506849315068,8687.506849315068,0.9156099718948562,1.04648705027621,0.48594201210328564,0.0,9,2035
AA-CRC,4,0.09953803421033815,51609.53947368421,51609.53947368421,0.9004619657896619,0.5438525709400592,0.6149328177617841,0.0,9,2035
Rectified CRC,0,0.10296268414354287,29083.05128205128,29083.05128205128,0.8970373158564571,1.1144797174635788,0.2907692307692308,0.0029626841435428652,9,2035
Rectified CRC,1,0.10491135427045441,11010.827586206897,11010.827586206897,0.8950886457295456,1.1010306807952346,0.33586206896551724,0.004911354270454402,9,2035
Rectified CRC,2,0.10334412637128676,8532.535714285714,8532.535714285714,0.8966558736287132,1.091309833234194,0.3807142857142857,0.003344126371286754,9,2035
Rectified CRC,3,0.08379641364390732,16519.438356164384,16519.438356164384,0.9162035863560927,0.9124037792751155,0.4876712328767123,0.0,9,2035
Rectified CRC,4,0.10454690584576577,53165.36842105263,53165.36842105263,0.8954530941542342,0.551686977080227,0.598157894736842,0.004546905845765767,9,2035
Standard CRC,0,0.010786349539720996,31176.914634146342,31176.914634146342,0.989213650460279,0.9871796996053837,0.52,0.0,10,2036
Standard CRC,1,0.017587721816349697,12576.78409090909,12576.78409090909,0.9824122781836503,0.9717399478211572,0.5199999999999999,0.0,10,2036
Standard CRC,2,0.03248789529978309,7924.919540229885,7924.919540229885,0.9675121047002169,0.9803686241606616,0.5200000000000002,0.0,10,2036
Standard CRC,3,0.07239544489485232,10462.096385542169,10462.096385542169,0.9276045551051477,1.035975824352802,0.52,0.0,10,2036
Standard CRC,4,0.5025376523064019,10616.672413793103,10616.672413793103,0.4974623476935981,0.632962487784678,0.52,0.4025376523064019,10,2036
AA-CRC,0,0.07686703824538992,28512.79268292683,28512.79268292683,0.9231329617546101,1.0810233461539889,0.33506521650435117,0.0,10,2036
AA-CRC,1,0.06784001110017016,11561.011363636364,11561.011363636364,0.9321599888998299,1.0517824360764925,0.39183258146999367,0.0,10,2036
AA-CRC,2,0.06741326375324516,7363.206896551724,7363.206896551724,0.9325867362467548,1.038670509253016,0.43993838471466745,0.0,10,2036
AA-CRC,3,0.09335341602218586,9846.807228915663,9846.807228915663,0.9066465839778142,1.0715971938633817,0.4704986218021741,0.0,10,2036
AA-CRC,4,0.13114252166598564,54399.775862068964,54399.775862068964,0.8688574783340144,0.45864599601872136,0.6341405229765467,0.031142521665985634,10,2036
Rectified CRC,0,0.09967102485016441,27791.914634146342,27791.914634146342,0.9003289751498356,1.1073458115024057,0.29707317073170736,0.0,10,2036
Rectified CRC,1,0.09804040811630887,11091.84090909091,11091.84090909091,0.9019595918836911,1.0946214699003365,0.3354545454545454,0.0,10,2036
Rectified CRC,2,0.08608556917280287,11144.6091954023,11144.6091954023,0.9139144308271971,1.0273362712111302,0.42160919540229874,0.0,10,2036
Rectified CRC,3,0.09354736918053347,12631.518072289156,12631.518072289156,0.9064526308194665,1.01073357965336,0.46120481927710855,0.0,10,2036
Rectified CRC,4,0.11349077012639139,55382.862068965514,55382.862068965514,0.8865092298736086,0.4942741143740279,0.6048275862068965,0.013490770126391383,10,2036
Standard CRC,0,0.005046296394971764,32417.66304347826,32417.66304347826,0.9949537036050282,0.9552484683851228,0.58,0.0,11,2037
Standard CRC,1,0.018714768500467546,12917.41573033708,12917.41573033708,0.9812852314995325,0.9486063587189129,0.58,0.0,11,2037
Standard CRC,2,0.017019656922023493,8670.551724137931,8670.551724137931,0.9829803430779765,0.9293725947041259,0.5799999999999998,0.0,11,2037
Standard CRC,3,0.06420669977329578,10368.40322580645,10368.40322580645,0.9357933002267043,0.9766380175349509,0.5799999999999997,0.0,11,2037
Standard CRC,4,0.3668410643543505,12448.54411764706,12448.54411764706,0.6331589356456495,0.7387055012313295,0.5799999999999998,0.2668410643543505,11,2037
AA-CRC,0,0.08996860095460221,27715.82608695652,27715.82608695652,0.9100313990453978,1.1168736116231428,0.32734804052620087,0.0,11,2037
AA-CRC,1,0.08369203823544112,11379.595505617977,11379.595505617977,0.9163079617645589,1.0783531437329363,0.39110666826160234,0.0,11,2037
AA-CRC,2,0.07040293287515675,7723.275862068966,7723.275862068966,0.9295970671248432,1.0413117302221517,0.4344589466232797,0.0,11,2037
AA-CRC,3,0.09855983552065156,9363.322580645161,9363.322580645161,0.9014401644793484,1.053165786390756,0.48483221607703747,0.0,11,2037
AA-CRC,4,0.14544851223109917,38882.76470588235,38882.76470588235,0.8545514877689009,0.6424776687785583,0.6091513630569665,0.045448512231099164,11,2037
Rectified CRC,0,0.09040143224734257,28347.271739130436,28347.271739130436,0.9095985677526575,1.0952004442612395,0.31456521739130433,0.0,11,2037
Rectified CRC,1,0.10128458254280931,11162.359550561798,11162.359550561798,0.8987154174571907,1.099835472304548,0.3604494382022472,0.0012845825428093038,11,2037
Rectified CRC,2,0.09210212243001165,7514.114942528736,7514.114942528736,0.9078978775699884,1.0731299165086199,0.3986206896551725,0.0,11,2037
Rectified CRC,3,0.0846002314945267,14114.870967741936,14114.870967741936,0.9153997685054733,0.9647902141896862,0.49516129032258066,0.0,11,2037
Rectified CRC,4,0.10487665662414547,48414.470588235294,48414.470588235294,0.8951233433758545,0.5928607909736127,0.603529411764706,0.0048766566241454645,11,2037
Standard CRC,0,0.0022337486354490916,36642.068493150684,36642.068493150684,0.9977662513645509,0.9491375144869889,0.6,0.0,12,2038
Standard CRC,1,0.009248394324605025,12591.205479452055,12591.205479452055,0.990751605675395,0.9347766734084529,0.6,0.0,12,2038
Standard CRC,2,0.015189849860690748,7957.471153846154,7957.471153846154,0.9848101501393093,0.920330188338505,0.5999999999999999,0.0,12,2038
Standard CRC,3,0.05729271154345682,8380.25,8380.25,0.9427072884565432,0.9687680867046085,0.6,0.0,12,2038
Standard CRC,4,0.3378739560179178,14045.828947368422,14045.828947368422,0.6621260439820822,2.7159298780283536,0.6,0.2378739560179178,12,2038
AA-CRC,0,0.08713872332993683,31037.794520547945,31037.794520547945,0.9128612766700632,1.1609572287539556,0.3261277343449917,0.0,12,2038
AA-CRC,1,0.07496839402499203,11059.575342465754,11059.575342465754,0.925031605975008,1.0700597787166346,0.38585679919555504,0.0,12,2038
AA-CRC,2,0.07277472101812996,6959.557692307692,6959.557692307692,0.92722527898187,1.052670653527155,0.43068667539139327,0.0,12,2038
AA-CRC,3,0.10245026459402881,7283.75,7283.75,0.8975497354059712,1.0898503613008421,0.48048054871616647,0.002450264594028806,12,2038
AA-CRC,4,0.08828702412964617,44675.25,44675.25,0.9117129758703538,0.5959239170351994,0.6200618377992652,0.0,12,2038
Rectified CRC,0,0.08646164153534353,32326.0,32326.0,0.9135383584646565,1.0895532208802947,0.3158904109589041,0.0,12,2038
Rectified CRC,1,0.09992620329651385,10738.630136986301,10738.630136986301,0.9000737967034862,1.1011200012413742,0.3446575342465753,0.0,12,2038
Rectified CRC,2,0.09795189712667218,6742.086538461538,6742.086538461538,0.9020481028733278,1.089746092650744,0.39057692307692304,0.0,12,2038
Rectified CRC,3,0.10696020622956252,7917.597222222223,7917.597222222223,0.8930397937704375,1.066800758980752,0.48055555555555557,0.006960206229562518,12,2038
Rectified CRC,4,0.09038939428978901,51210.10526315789,51210.10526315789,0.909610605710211,0.5494374981394404,0.6105263157894738,0.0,12,2038
Standard CRC,0,0.004124489345122506,32818.62962962963,32818.62962962963,0.9958755106548774,0.9581594633204574,0.58,0.0,13,2039
Standard CRC,1,0.006521367742766091,13761.420289855072,13761.420289855072,0.9934786322572339,0.949641658304163,0.5799999999999998,0.0,13,2039
Standard CRC,2,0.022235216295912682,7057.939759036145,7057.939759036145,0.9777647837040874,0.9407911803679071,0.58,0.0,13,2039
Standard CRC,3,0.04214945090680934,9315.654761904761,9315.654761904761,0.9578505490931907,0.9429331004399388,0.5799999999999998,0.0,13,2039
Standard CRC,4,0.3865423514576836,10984.25925925926,10984.25925925926,0.6134576485423164,0.9352674528258746,0.58,0.2865423514576836,13,2039
AA-CRC,0,0.08110720004611052,29064.925925925927,29064.925925925927,0.9188927999538895,1.0863417837078897,0.3312734512648385,0.0,13,2039
AA-CRC,1,0.07534558122809822,12173.144927536232,12173.144927536232,0.9246544187719018,1.075341105921164,0.37527930220666,0.0,13,2039
AA-CRC,2,0.07483395370367082,6279.626506024097,6279.626506024097,0.9251660462963291,1.0552243124931027,0.43595495212144975,0.0,13,2039
AA-CRC,3,0.07992530503786367,8391.333333333334,8391.333333333334,0.9200746949621363,1.028840372691677,0.4766465430610031,0.0,13,2039
AA-CRC,4,0.09259656884151311,43946.71604938272,43946.71604938272,0.9074034311584869,0.5198858850341039,0.6335012256493942,0.0,13,2039
Rectified CRC,0,0.09175911128851387,28702.086419753086,28702.086419753086,0.9082408887114861,1.0987909147146682,0.3096296296296296,0.0,13,2039
Rectified CRC,1,0.09549831666243587,11877.434782608696,11877.434782608696,0.9045016833375641,1.1013023939513347,0.3382608695652174,0.0,13,2039
Rectified CRC,2,0.09504031549982467,6515.361445783133,6515.361445783133,0.9049596845001753,1.070244739069555,0.4067469879518072,0.0,13,2039
Rectified CRC,3,0.08681614005409302,10267.095238095239,10267.095238095239,0.913183859945907,0.984842848288868,0.46738095238095234,0.0,13,2039
Rectified CRC,4,0.06983099877288267,54399.765432098764,54399.765432098764,0.9301690012271173,0.46537576115604923,0.6266666666666666,0.0,13,2039
Standard CRC,0,0.003176614255010009,34269.94936708861,34269.94936708861,0.99682338574499,0.948293353020747,0.6000000000000001,0.0,14,2040
Standard CRC,1,0.006041557048771277,13838.605633802817,13838.605633802817,0.9939584429512287,0.9309890391581446,0.6000000000000001,0.0,14,2040
Standard CRC,2,0.017635333555859556,8547.9375,8547.9375,0.9823646664441404,0.9276831058831518,0.5999999999999999,0.0,14,2040
Standard CRC,3,0.039615167752548336,9709.567901234568,9709.567901234568,0.9603848322474516,0.9335909096073123,0.6,0.0,14,2040
Standard CRC,4,0.366946618438561,14387.48275862069,14387.48275862069,0.633053381561439,0.6064700758351423,0.6,0.26694661843856105,14,2040
AA-CRC,0,0.08252414465466126,29596.683544303796,29596.683544303796,0.9174758553453387,1.0953907678798642,0.3282401035289894,0.0,14,2040
AA-CRC,1,0.07184231760137108,12112.732394366198,12112.732394366198,0.928157682398629,1.0662322555790182,0.3844347653169036,0.0,14,2040
AA-CRC,2,0.0750497191999828,7549.35,7549.35,0.9249502808000172,1.0542166427461452,0.4332333097089456,0.0,14,2040
AA-CRC,3,0.08013941868759836,8503.543209876543,8503.543209876543,0.9198605813124017,1.0427899074637994,0.4803566123515586,0.0,14,2040
AA-CRC,4,0.11641773983165453,45344.402298850575,45344.402298850575,0.8835822601683455,0.5763875973257266,0.6160175799788351,0.016417739831654524,14,2040
Rectified CRC,0,0.09051572706233149,29795.683544303796,29795.683544303796,0.9094842729376685,1.0953379798481104,0.3035443037974684,0.0,14,2040
Rectified CRC,1,0.09275847851774784,11810.521126760563,11810.521126760563,0.9072415214822521,1.0939081092348375,0.3453521126760563,0.0,14,2040
Rectified CRC,2,0.09264851726958621,9817.7625,9817.7625,0.9073514827304138,1.0507020106196072,0.40800000000000003,0.0,14,2040
Rectified CRC,3,0.0912308873833704,12701.95061728395,12701.95061728395,0.9087691126166296,1.0064471322145778,0.45827160493827157,0.0,14,2040
Rectified CRC,4,0.10006291116643713,52570.03448275862,52570.03448275862,0.8999370888335628,0.5823326579814085,0.6128735632183908,6.29111664371268e-05,14,2040
