trial,seed,standard_lambda,aa_crc_lambda_mean,aa_crc_lambda_sd,rectified_lambda_mean,rectified_lambda_sd
0,2026,0.6,0.44261915540482816,0.11977752269317463,0.4112562814070352,0.14615999235449673
1,2027,0.62,0.4492628070619153,0.11559544920562076,0.4168341708542714,0.13791348113795437
2,2028,0.6,0.44462257882858774,0.12327911708767464,0.418643216080402,0.13973114292535027
3,2029,0.62,0.44869395313378435,0.1199572499087631,0.4270854271356784,0.14572310680871234
4,2030,0.54,0.45022838883353533,0.12548638865085882,0.42030150753768836,0.15528191107555017
5,2031,0.62,0.4474681256878019,0.1178623892025655,0.4279396984924624,0.15326685888368008
6,2032,0.54,0.44665699426187383,0.12183902663458658,0.4149246231155779,0.14896415995631676
7,2033,0.54,0.4463453176567173,0.11986295455295518,0.4211055276381909,0.1481774839621891
8,2034,0.58,0.4480968765938348,0.12176620616372842,0.4126130653266331,0.15659282420697423
9,2035,0.54,0.44609489649452727,0.121382093259166,0.4144221105527638,0.15271098828599158
10,2036,0.52,0.44236881993746857,0.11142186357711083,0.4118592964824121,0.1495858950620516
11,2037,0.58,0.4376993257401217,0.11291859736260312,0.4207035175879398,0.1371259463540944
12,2038,0.6,0.4484562421343542,0.11620770797191869,0.42673366834170856,0.1381095785983493
13,2039,0.58,0.4529235962952688,0.12281335344215165,0.43266331658291457,0.14744879772588626
14,2040,0.6,0.453233458169952,0.12232715700320869,0.43110552763819093,0.14665545688712658
15,2041,0.56,0.45074527869818815,0.11557623685292588,0.42160804020100506,0.1566400576929434
16,2042,0.58,0.4437806592637313,0.11639802874001197,0.4208040201005025,0.1427418402174461
17,2043,0.64,0.45080803486835586,0.11624720566524993,0.41271356783919594,0.14455675926806258
18,2044,0.56,0.4498782023507425,0.1187412646742575,0.4241206030150753,0.14076283745963145
19,2045,0.56,0.45501586622159906,0.12691596765742302,0.4163819095477387,0.15457828796412992
