method,marginal_risk,size,trial,seed
Standard CRC,0.09068806029841688,15531.007537688442,0,2026
AA-CRC,0.09472898764263836,19878.489949748742,0,2026
Rectified CRC,0.1024203867826005,22277.027638190953,0,2026
Standard CRC,0.07394211062698741,15012.20351758794,1,2027
AA-CRC,0.08157390392067347,18884.30150753769,1,2027
Rectified CRC,0.09137174729206124,20280.816582914573,1,2027
Standard CRC,0.07941309774848486,16797.876884422112,2,2028
AA-CRC,0.08274625454963969,20606.30150753769,2,2028
Rectified CRC,0.09453878053343781,21750.902010050253,2,2028
Standard CRC,0.07732956518305063,16149.924623115578,3,2029
AA-CRC,0.08633796504025745,19852.859296482413,3,2029
Rectified CRC,0.09099778882322575,23354.168341708544,3,2029
Standard CRC,0.10546330096968384,14625.673366834171,4,2030
AA-CRC,0.07705164110448601,20801.786432160803,4,2030
Rectified CRC,0.08692907443884335,23601.402010050253,4,2030
Standard CRC,0.08106436236095012,17490.86432160804,5,2031
AA-CRC,0.08558329909329405,20608.306532663315,5,2031
Rectified CRC,0.10049232414615455,24636.349246231155,5,2031
Standard CRC,0.11326622013226467,14452.449748743718,6,2032
AA-CRC,0.09239011775063387,20442.924623115578,6,2032
Rectified CRC,0.10216753502528816,22018.773869346733,6,2032
Standard CRC,0.09829129294089604,15644.90703517588,7,2033
AA-CRC,0.08245001009648036,21315.414572864323,7,2033
Rectified CRC,0.09198747033377262,23484.726130653267,7,2033
Standard CRC,0.08818868264101269,16812.78894472362,8,2034
AA-CRC,0.08302045604546762,21812.791457286432,8,2034
Rectified CRC,0.09132554816784672,25749.42713567839,8,2034
Standard CRC,0.10500876490165587,15280.615577889448,9,2035
AA-CRC,0.08204683014417231,21402.942211055277,9,2035
Rectified CRC,0.10609296559985228,21852.94472361809,9,2035
Standard CRC,0.10154435385231425,14665.459798994974,10,2036
AA-CRC,0.0841521905676831,20021.329145728643,10,2036
Rectified CRC,0.09312708981747296,21296.123115577888,10,2036
Standard CRC,0.08175023009832973,16019.484924623115,11,2037
AA-CRC,0.09510544342942574,18741.50502512563,11,2037
Rectified CRC,0.09955133969457686,20844.105527638192,11,2037
Standard CRC,0.08308906411529615,15144.062814070352,12,2038
AA-CRC,0.08414226994326257,19388.570351758794,12,2038
Rectified CRC,0.10146920413348397,20412.22361809045,12,2038
Standard CRC,0.09721273158787545,14608.211055276382,13,2039
AA-CRC,0.08088893006337065,20050.1783919598,13,2039
Rectified CRC,0.08396826492961022,22031.94974874372,13,2039
Standard CRC,0.09574308992231964,15947.180904522613,14,2040
AA-CRC,0.0860397632976473,21195.577889447235,14,2040
Rectified CRC,0.09729225173615967,23489.768844221104,14,2040
Standard CRC,0.0984855319926268,15477.814070351758,15,2041
AA-CRC,0.08562463476005734,20214.484924623117,15,2041
Rectified CRC,0.09043804452561521,24233.1783919598,15,2041
Standard CRC,0.089403116118126,14946.8391959799,16,2042
AA-CRC,0.08597808182154466,19869.414572864323,16,2042
Rectified CRC,0.09285137129893442,22373.615577889446,16,2042
Standard CRC,0.07008286920206004,16133.484924623115,17,2043
AA-CRC,0.08286192532338008,19293.125628140704,17,2043
Rectified CRC,0.09934310812944613,20837.402010050253,17,2043
Standard CRC,0.0954212809017702,14836.565326633166,18,2044
AA-CRC,0.08500292962958823,19470.356783919597,18,2044
Rectified CRC,0.09024561248567795,21100.80150753769,18,2044
Standard CRC,0.10781792119474685,15192.361809045226,19,2045
AA-CRC,0.0787301593048307,21311.819095477385,19,2045
Rectified CRC,0.10574613469477046,23475.316582914573,19,2045
