trial,seed,method,test_fnr,avg_size,worst_bin_risk,mean_excess_by_bin
0,2026,Standard CRC,0.09068806029841688,15531.007537688442,0.4187154632799297,0.06374309265598595
0,2026,AA-CRC,0.09472898764263836,19878.489949748742,0.1522324217266239,0.01044648434532478
0,2026,Rectified CRC,0.1024203867826005,22277.027638190953,0.13191687733122287,0.00735877061501983
1,2027,Standard CRC,0.07394211062698741,15012.20351758794,0.34928606353908215,0.04985721270781643
1,2027,AA-CRC,0.08157390392067347,18884.30150753769,0.10126122673046967,0.0002522453460939322
1,2027,Rectified CRC,0.09137174729206124,20280.816582914573,0.10579123905196146,0.0011582478103922904
2,2028,Standard CRC,0.07941309774848486,16797.876884422112,0.3771879408969461,0.05543758817938922
2,2028,AA-CRC,0.08274625454963969,20606.30150753769,0.12018396586669466,0.004036793173338932
2,2028,Rectified CRC,0.09453878053343781,21750.902010050253,0.10346036775063965,0.0006920735501279279
3,2029,Standard CRC,0.07732956518305063,16149.924623115578,0.32744125488471476,0.04548825097694295
3,2029,AA-CRC,0.08633796504025745,19852.859296482413,0.10631252667412602,0.0012625053348252035
3,2029,Rectified CRC,0.09099778882322575,23354.168341708544,0.09739857339611684,0.0
4,2030,Standard CRC,0.10546330096968384,14625.673366834171,0.4810899973515775,0.07621799947031549
4,2030,AA-CRC,0.07705164110448601,20801.786432160803,0.08367523272746363,0.0
4,2030,Rectified CRC,0.08692907443884335,23601.402010050253,0.0977854162145058,0.0
5,2031,Standard CRC,0.08106436236095012,17490.86432160804,0.32014346258887166,0.04402869251777433
5,2031,AA-CRC,0.08558329909329405,20608.306532663315,0.11526283654469083,0.0030525673089381645
5,2031,Rectified CRC,0.10049232414615455,24636.349246231155,0.12351661972540866,0.005218997697484848
6,2032,Standard CRC,0.11326622013226467,14452.449748743718,0.46796968955155344,0.07359393791031069
6,2032,AA-CRC,0.09239011775063387,20442.924623115578,0.15360286788028743,0.010720573576057485
6,2032,Rectified CRC,0.10216753502528816,22018.773869346733,0.13147888151814596,0.006872805879003241
7,2033,Standard CRC,0.09829129294089604,15644.90703517588,0.4913166314745871,0.07826332629491742
7,2033,AA-CRC,0.08245001009648036,21315.414572864323,0.1066966416134866,0.0013393283226973197
7,2033,Rectified CRC,0.09198747033377262,23484.726130653267,0.1121323208901172,0.002426464178023438
8,2034,Standard CRC,0.08818868264101269,16812.78894472362,0.3393543825589045,0.047870876511780895
8,2034,AA-CRC,0.08302045604546762,21812.791457286432,0.11319949543083566,0.00263989908616713
8,2034,Rectified CRC,0.09132554816784672,25749.42713567839,0.09488611309338274,0.0
9,2035,Standard CRC,0.10500876490165587,15280.615577889448,0.44084235773386027,0.06816847154677205
9,2035,AA-CRC,0.08204683014417231,21402.942211055277,0.09953803421033815,0.0
9,2035,Rectified CRC,0.10609296559985228,21852.94472361809,0.11986752805208789,0.00831950017456258
10,2036,Standard CRC,0.10154435385231425,14665.459798994974,0.5025376523064019,0.08050753046128038
10,2036,AA-CRC,0.0841521905676831,20021.329145728643,0.13114252166598564,0.006228504333197127
10,2036,Rectified CRC,0.09312708981747296,21296.123115577888,0.12153733662203338,0.004307467324406675
11,2037,Standard CRC,0.08175023009832973,16019.484924623115,0.3668410643543505,0.0533682128708701
11,2037,AA-CRC,0.09510544342942574,18741.50502512563,0.14544851223109917,0.009089702446219834
11,2037,Rectified CRC,0.09955133969457686,20844.105527638192,0.11682652773697505,0.004251917898383575
12,2038,Standard CRC,0.08308906411529615,15144.062814070352,0.34327786688428946,0.04865557337685789
12,2038,AA-CRC,0.08414226994326257,19388.570351758794,0.10245026459402881,0.0004900529188057612
12,2038,Rectified CRC,0.10146920413348397,20412.22361809045,0.11097773117982435,0.003541316506727571
13,2039,Standard CRC,0.09721273158787545,14608.211055276382,0.3950977580394653,0.05901955160789305
13,2039,AA-CRC,0.08088893006337065,20050.1783919598,0.09259656884151311,0.0
13,2039,Rectified CRC,0.08396826492961022,22031.94974874372,0.0893629706655146,0.0
14,2040,Standard CRC,0.09574308992231964,15947.180904522613,0.3726086444485034,0.05452172888970068
14,2040,AA-CRC,0.0860397632976473,21195.577889447235,0.11641773983165453,0.0032835479663309046
14,2040,Rectified CRC,0.09729225173615967,23489.768844221104,0.10475193932262117,0.0009503878645242325
15,2041,Standard CRC,0.0984855319926268,15477.814070351758,0.3911693747473018,0.05823387494946035
15,2041,AA-CRC,0.08562463476005734,20214.484924623117,0.12097655165915035,0.0041953103318300685
15,2041,Rectified CRC,0.09043804452561521,24233.1783919598,0.09915606361125821,0.0
16,2042,Standard CRC,0.089403116118126,14946.8391959799,0.3670370804381059,0.05340741608762119
16,2042,AA-CRC,0.08597808182154466,19869.414572864323,0.10078478718386415,0.00015695743677282824
16,2042,Rectified CRC,0.09285137129893442,22373.615577889446,0.1020699289944564,0.0004139857988912782
17,2043,Standard CRC,0.07008286920206004,16133.484924623115,0.30138992724953817,0.040277985449907634
17,2043,AA-CRC,0.08286192532338008,19293.125628140704,0.11402402231963485,0.0028048044639269686
17,2043,Rectified CRC,0.09934310812944613,20837.402010050253,0.10934356868324237,0.0020471618213132566
18,2044,Standard CRC,0.0954212809017702,14836.565326633166,0.37410734051949585,0.054821468103899165
18,2044,AA-CRC,0.08500292962958823,19470.356783919597,0.1150287553725537,0.00300575107451074
18,2044,Rectified CRC,0.09024561248567795,21100.80150753769,0.09993455692921299,0.0
19,2045,Standard CRC,0.10781792119474685,15192.361809045226,0.4539464859047887,0.07078929718095775
19,2045,AA-CRC,0.0787301593048307,21311.819095477385,0.10420446523626886,0.0008408930472537712
19,2045,Rectified CRC,0.10574613469477046,23475.316582914573,0.11185540631444024,0.006061519900201967
