trial,method,bin,n,bin_risk,avg_set_size,median_set_size
0,crc,0,800,0.0062500000931322575,3.0,3.0
0,crc,1,800,0.027499999850988388,3.0,3.0
0,crc,2,800,0.04625000059604645,3.0,3.0
0,crc,3,800,0.11375000327825546,3.0,3.0
0,crc,4,800,0.30000001192092896,3.0,3.0
0,aa_crc_official,0,800,0.01375,1.0,1.0
0,aa_crc_official,1,800,0.05875,1.0,1.0
0,aa_crc_official,2,800,0.16,1.69125,1.0
0,aa_crc_official,3,800,0.20875,7.00125,1.0
0,aa_crc_official,4,800,0.08125,19.65625,26.0
0,recirc_tabicl,0,800,0.012500000186264515,1.02125,1.0
0,recirc_tabicl,1,800,0.042500000447034836,1.16125,1.0
0,recirc_tabicl,2,800,0.10000000149011612,1.595,1.0
0,recirc_tabicl,3,800,0.13249999284744263,3.12125,2.0
0,recirc_tabicl,4,800,0.17125000059604645,5.07625,4.0
1,crc,0,800,0.007499999832361937,3.0,3.0
1,crc,1,800,0.021250000223517418,3.0,3.0
1,crc,2,800,0.042500000447034836,3.0,3.0
1,crc,3,800,0.11625000089406967,3.0,3.0
1,crc,4,800,0.29374998807907104,3.0,3.0
1,aa_crc_official,0,800,0.01125,1.0,1.0
1,aa_crc_official,1,800,0.04,1.0,1.0
1,aa_crc_official,2,800,0.18875,1.875,1.0
1,aa_crc_official,3,800,0.215,8.16875,1.0
1,aa_crc_official,4,800,0.075,18.44875,26.0
1,recirc_tabicl,0,800,0.008750000037252903,1.03125,1.0
1,recirc_tabicl,1,800,0.027499999850988388,1.2,1.0
1,recirc_tabicl,2,800,0.12250000238418579,1.70875,1.0
1,recirc_tabicl,3,800,0.125,2.83375,2.0
1,recirc_tabicl,4,800,0.17499999701976776,4.61625,4.0
2,crc,0,800,0.0,3.0,3.0
2,crc,1,800,0.012500000186264515,3.0,3.0
2,crc,2,800,0.05000000074505806,3.0,3.0
2,crc,3,800,0.11249999701976776,3.0,3.0
2,crc,4,800,0.32374998927116394,3.0,3.0
2,aa_crc_official,0,800,0.00125,1.0,1.0
2,aa_crc_official,1,800,0.0525,1.0,1.0
2,aa_crc_official,2,800,0.17125,2.12875,1.0
2,aa_crc_official,3,800,0.17875,7.54875,1.0
2,aa_crc_official,4,800,0.0725,18.505,26.0
2,recirc_tabicl,0,800,0.0012499999720603228,1.01625,1.0
2,recirc_tabicl,1,800,0.042500000447034836,1.0725,1.0
2,recirc_tabicl,2,800,0.13500000536441803,1.47375,1.0
2,recirc_tabicl,3,800,0.13750000298023224,2.6275,2.0
2,recirc_tabicl,4,800,0.18250000476837158,4.98,4.0
3,crc,0,800,0.0037499999161809683,3.0,3.0
3,crc,1,800,0.02250000089406967,3.0,3.0
3,crc,2,800,0.05624999850988388,3.0,3.0
3,crc,3,800,0.1287499964237213,3.0,3.0
3,crc,4,800,0.2824999988079071,3.0,3.0
3,aa_crc_official,0,800,0.00875,1.0,1.0
3,aa_crc_official,1,800,0.0475,1.0,1.0
3,aa_crc_official,2,800,0.15875,2.2575,1.0
3,aa_crc_official,3,800,0.18625,8.38375,1.0
3,aa_crc_official,4,800,0.05625,18.87875,26.0
3,recirc_tabicl,0,800,0.0062500000931322575,1.01875,1.0
3,recirc_tabicl,1,800,0.03999999910593033,1.18875,1.0
3,recirc_tabicl,2,800,0.10625000298023224,1.7225,1.0
3,recirc_tabicl,3,800,0.16124999523162842,2.50375,2.0
3,recirc_tabicl,4,800,0.20250000059604645,4.17125,4.0
4,crc,0,800,0.0037499999161809683,3.0,3.0
4,crc,1,800,0.012500000186264515,3.0,3.0
4,crc,2,800,0.04374999925494194,3.0,3.0
4,crc,3,800,0.13375000655651093,3.0,3.0
4,crc,4,800,0.29624998569488525,3.0,3.0
4,aa_crc_official,0,800,0.01125,1.0,1.0
4,aa_crc_official,1,800,0.045,1.0,1.0
4,aa_crc_official,2,800,0.17125,2.0625,1.0
4,aa_crc_official,3,800,0.17125,8.80125,1.0
4,aa_crc_official,4,800,0.05125,20.40375,26.0
4,recirc_tabicl,0,800,0.011250000447034836,1.00125,1.0
4,recirc_tabicl,1,800,0.03125,1.15375,1.0
4,recirc_tabicl,2,800,0.11874999850988388,1.71125,1.0
4,recirc_tabicl,3,800,0.1525000035762787,3.01375,2.0
4,recirc_tabicl,4,800,0.16374999284744263,5.11,4.0
5,crc,0,800,0.0024999999441206455,3.0,3.0
5,crc,1,800,0.021250000223517418,3.0,3.0
5,crc,2,800,0.05375000089406967,3.0,3.0
5,crc,3,800,0.11625000089406967,3.0,3.0
5,crc,4,800,0.29750001430511475,3.0,3.0
5,aa_crc_official,0,800,0.00625,1.0,1.0
5,aa_crc_official,1,800,0.0525,1.03125,1.0
5,aa_crc_official,2,800,0.17875,1.8475,1.0
5,aa_crc_official,3,800,0.2,7.33125,1.0
5,aa_crc_official,4,800,0.0825,18.28,26.0
5,recirc_tabicl,0,800,0.0062500000931322575,1.0075,1.0
5,recirc_tabicl,1,800,0.03375000134110451,1.225,1.0
5,recirc_tabicl,2,800,0.13375000655651093,1.65,1.0
5,recirc_tabicl,3,800,0.16124999523162842,2.86,2.0
5,recirc_tabicl,4,800,0.16124999523162842,5.265,4.0
6,crc,0,800,0.0024999999441206455,3.0,3.0
6,crc,1,800,0.03375000134110451,3.0,3.0
6,crc,2,800,0.04374999925494194,3.0,3.0
6,crc,3,800,0.10875000059604645,3.0,3.0
6,crc,4,800,0.3187499940395355,3.0,3.0
6,aa_crc_official,0,800,0.00625,1.0,1.0
6,aa_crc_official,1,800,0.0575,1.03125,1.0
6,aa_crc_official,2,800,0.1775,1.75,1.0
6,aa_crc_official,3,800,0.20375,7.195,1.0
6,aa_crc_official,4,800,0.07625,18.20375,26.0
6,recirc_tabicl,0,800,0.0062500000931322575,1.00125,1.0
6,recirc_tabicl,1,800,0.05375000089406967,1.035,1.0
6,recirc_tabicl,2,800,0.11375000327825546,1.34375,1.0
6,recirc_tabicl,3,800,0.14749999344348907,2.2875,2.0
6,recirc_tabicl,4,800,0.20749999582767487,4.70875,4.0
7,crc,0,800,0.0012499999720603228,3.0,3.0
7,crc,1,800,0.01875000074505806,3.0,3.0
7,crc,2,800,0.05000000074505806,3.0,3.0
7,crc,3,800,0.12250000238418579,3.0,3.0
7,crc,4,800,0.30125001072883606,3.0,3.0
7,aa_crc_official,0,800,0.0075,1.0,1.0
7,aa_crc_official,1,800,0.04625,1.0,1.0
7,aa_crc_official,2,800,0.16875,2.1875,1.0
7,aa_crc_official,3,800,0.2,7.38375,1.0
7,aa_crc_official,4,800,0.08625,17.595,26.0
7,recirc_tabicl,0,800,0.007499999832361937,1.0075,1.0
7,recirc_tabicl,1,800,0.036249998956918716,1.135,1.0
7,recirc_tabicl,2,800,0.10249999910593033,1.61625,1.0
7,recirc_tabicl,3,800,0.14624999463558197,2.70375,2.0
7,recirc_tabicl,4,800,0.17499999701976776,4.3925,4.0
8,crc,0,800,0.011250000447034836,3.0,3.0
8,crc,1,800,0.026249999180436134,3.0,3.0
8,crc,2,800,0.04125000163912773,3.0,3.0
8,crc,3,800,0.11749999970197678,3.0,3.0
8,crc,4,800,0.28999999165534973,3.0,3.0
8,aa_crc_official,0,800,0.02125,1.0,1.0
8,aa_crc_official,1,800,0.065,1.0,1.0
8,aa_crc_official,2,800,0.1475,1.8125,1.0
8,aa_crc_official,3,800,0.18,7.895,1.0
8,aa_crc_official,4,800,0.09125,17.3475,26.0
8,recirc_tabicl,0,800,0.017500000074505806,1.0675,1.0
8,recirc_tabicl,1,800,0.04874999821186066,1.2,1.0
8,recirc_tabicl,2,800,0.10249999910593033,1.5225,1.0
8,recirc_tabicl,3,800,0.14124999940395355,2.6025,2.0
8,recirc_tabicl,4,800,0.19750000536441803,4.355,3.0
9,crc,0,800,0.0062500000931322575,3.0,3.0
9,crc,1,800,0.02250000089406967,3.0,3.0
9,crc,2,800,0.04125000163912773,3.0,3.0
9,crc,3,800,0.12125000357627869,3.0,3.0
9,crc,4,800,0.29875001311302185,3.0,3.0
9,aa_crc_official,0,800,0.015,1.0,1.0
9,aa_crc_official,1,800,0.045,1.0,1.0
9,aa_crc_official,2,800,0.145,1.71875,1.0
9,aa_crc_official,3,800,0.18375,7.15,1.0
9,aa_crc_official,4,800,0.06375,19.28,26.0
9,recirc_tabicl,0,800,0.012500000186264515,1.05375,1.0
9,recirc_tabicl,1,800,0.03750000149011612,1.1,1.0
9,recirc_tabicl,2,800,0.09375,1.41625,1.0
9,recirc_tabicl,3,800,0.125,2.6775,2.0
9,recirc_tabicl,4,800,0.21250000596046448,4.44625,4.0
10,crc,0,800,0.0024999999441206455,3.0,3.0
10,crc,1,800,0.017500000074505806,3.0,3.0
10,crc,2,800,0.06750000268220901,3.0,3.0
10,crc,3,800,0.12125000357627869,3.0,3.0
10,crc,4,800,0.29124999046325684,3.0,3.0
10,aa_crc_official,0,800,0.0025,1.0,1.0
10,aa_crc_official,1,800,0.05375,1.0,1.0
10,aa_crc_official,2,800,0.18125,2.4375,1.0
10,aa_crc_official,3,800,0.195,7.0525,1.0
10,aa_crc_official,4,800,0.075,18.9875,26.0
10,recirc_tabicl,0,800,0.0024999999441206455,1.00125,1.0
10,recirc_tabicl,1,800,0.04374999925494194,1.16,1.0
10,recirc_tabicl,2,800,0.10750000178813934,1.86,1.0
10,recirc_tabicl,3,800,0.14000000059604645,2.51625,2.0
10,recirc_tabicl,4,800,0.17624999582767487,4.62875,4.0
11,crc,0,800,0.004999999888241291,3.0,3.0
11,crc,1,800,0.023749999701976776,3.0,3.0
11,crc,2,800,0.04500000178813934,3.0,3.0
11,crc,3,800,0.13500000536441803,3.0,3.0
11,crc,4,800,0.27000001072883606,3.0,3.0
11,aa_crc_official,0,800,0.00625,1.0,1.0
11,aa_crc_official,1,800,0.05625,1.0,1.0
11,aa_crc_official,2,800,0.16375,1.93875,1.0
11,aa_crc_official,3,800,0.19875,8.0475,1.0
11,aa_crc_official,4,800,0.07,18.96375,26.0
11,recirc_tabicl,0,800,0.0062500000931322575,1.01125,1.0
11,recirc_tabicl,1,800,0.04125000163912773,1.11,1.0
11,recirc_tabicl,2,800,0.10499999672174454,1.5,1.0
11,recirc_tabicl,3,800,0.15625,2.60375,2.0
11,recirc_tabicl,4,800,0.1912499964237213,4.2575,4.0
12,crc,0,800,0.004999999888241291,4.0,4.0
12,crc,1,800,0.0062500000931322575,4.0,4.0
12,crc,2,800,0.04125000163912773,4.0,4.0
12,crc,3,800,0.08749999850988388,4.0,4.0
12,crc,4,800,0.23375000059604645,4.0,4.0
12,aa_crc_official,0,800,0.01125,1.0,1.0
12,aa_crc_official,1,800,0.05625,1.0,1.0
12,aa_crc_official,2,800,0.14625,2.28125,1.0
12,aa_crc_official,3,800,0.1875,7.84875,1.0
12,aa_crc_official,4,800,0.06125,19.415,26.0
12,recirc_tabicl,0,800,0.011250000447034836,1.00125,1.0
12,recirc_tabicl,1,800,0.04500000178813934,1.0725,1.0
12,recirc_tabicl,2,800,0.12125000357627869,1.4025,1.0
12,recirc_tabicl,3,800,0.1574999988079071,2.56125,2.0
12,recirc_tabicl,4,800,0.19625000655651093,4.59,4.0
13,crc,0,800,0.0037499999161809683,3.0,3.0
13,crc,1,800,0.012500000186264515,3.0,3.0
13,crc,2,800,0.04374999925494194,3.0,3.0
13,crc,3,800,0.14124999940395355,3.0,3.0
13,crc,4,800,0.2787500023841858,3.0,3.0
13,aa_crc_official,0,800,0.0075,1.0,1.0
13,aa_crc_official,1,800,0.03625,1.0,1.0
13,aa_crc_official,2,800,0.1625,2.3125,1.0
13,aa_crc_official,3,800,0.18375,7.43875,1.0
13,aa_crc_official,4,800,0.0825,17.56625,26.0
13,recirc_tabicl,0,800,0.007499999832361937,1.005,1.0
13,recirc_tabicl,1,800,0.02250000089406967,1.14,1.0
13,recirc_tabicl,2,800,0.11124999821186066,1.565,1.0
13,recirc_tabicl,3,800,0.16625000536441803,2.465,2.0
13,recirc_tabicl,4,800,0.16500000655651093,4.71375,4.0
14,crc,0,800,0.004999999888241291,4.0,4.0
14,crc,1,800,0.012500000186264515,4.0,4.0
14,crc,2,800,0.04500000178813934,4.0,4.0
14,crc,3,800,0.07874999940395355,4.0,4.0
14,crc,4,800,0.22750000655651093,4.0,4.0
14,aa_crc_official,0,800,0.01125,1.0,1.0
14,aa_crc_official,1,800,0.0475,1.03125,1.0
14,aa_crc_official,2,800,0.165,1.93875,1.0
14,aa_crc_official,3,800,0.17625,7.61125,1.0
14,aa_crc_official,4,800,0.06375,18.6175,26.0
14,recirc_tabicl,0,800,0.007499999832361937,1.06375,1.0
14,recirc_tabicl,1,800,0.029999999329447746,1.19875,1.0
14,recirc_tabicl,2,800,0.11375000327825546,1.6375,1.0
14,recirc_tabicl,3,800,0.1537500023841858,2.5025,2.0
14,recirc_tabicl,4,800,0.1587499976158142,5.2425,4.0
15,crc,0,800,0.0037499999161809683,3.0,3.0
15,crc,1,800,0.017500000074505806,3.0,3.0
15,crc,2,800,0.04374999925494194,3.0,3.0
15,crc,3,800,0.10875000059604645,3.0,3.0
15,crc,4,800,0.29624998569488525,3.0,3.0
15,aa_crc_official,0,800,0.00625,1.0,1.0
15,aa_crc_official,1,800,0.04625,1.0,1.0
15,aa_crc_official,2,800,0.15375,2.125,1.0
15,aa_crc_official,3,800,0.20125,7.00875,1.0
15,aa_crc_official,4,800,0.06875,18.32125,26.0
15,recirc_tabicl,0,800,0.0037499999161809683,1.02125,1.0
15,recirc_tabicl,1,800,0.042500000447034836,1.0575,1.0
15,recirc_tabicl,2,800,0.10000000149011612,1.52375,1.0
15,recirc_tabicl,3,800,0.13249999284744263,2.44375,2.0
15,recirc_tabicl,4,800,0.19374999403953552,4.3975,3.0
16,crc,0,800,0.0037499999161809683,3.0,3.0
16,crc,1,800,0.013749999925494194,3.0,3.0
16,crc,2,800,0.05249999836087227,3.0,3.0
16,crc,3,800,0.13875000178813934,3.0,3.0
16,crc,4,800,0.27125000953674316,3.0,3.0
16,aa_crc_official,0,800,0.01375,1.0,1.0
16,aa_crc_official,1,800,0.05625,1.03125,1.0
16,aa_crc_official,2,800,0.16875,2.2525,1.0
16,aa_crc_official,3,800,0.20875,7.405,1.0
16,aa_crc_official,4,800,0.095,17.5075,26.0
16,recirc_tabicl,0,800,0.011250000447034836,1.04625,1.0
16,recirc_tabicl,1,800,0.04374999925494194,1.1875,1.0
16,recirc_tabicl,2,800,0.14499999582767487,1.45375,1.0
16,recirc_tabicl,3,800,0.19374999403953552,2.61,2.0
16,recirc_tabicl,4,800,0.17249999940395355,4.7075,4.0
17,crc,0,800,0.0062500000931322575,3.0,3.0
17,crc,1,800,0.011250000447034836,3.0,3.0
17,crc,2,800,0.05249999836087227,3.0,3.0
17,crc,3,800,0.1262499988079071,3.0,3.0
17,crc,4,800,0.2737500071525574,3.0,3.0
17,aa_crc_official,0,800,0.015,1.0,1.0
17,aa_crc_official,1,800,0.04375,1.0625,1.0
17,aa_crc_official,2,800,0.1925,1.72,1.0
17,aa_crc_official,3,800,0.1875,7.47125,1.0
17,aa_crc_official,4,800,0.045,19.075,26.0
17,recirc_tabicl,0,800,0.012500000186264515,1.0575,1.0
17,recirc_tabicl,1,800,0.028750000521540642,1.2025,1.0
17,recirc_tabicl,2,800,0.11874999850988388,1.7325,1.0
17,recirc_tabicl,3,800,0.1262499988079071,2.89875,2.0
17,recirc_tabicl,4,800,0.16124999523162842,4.61125,3.0
18,crc,0,800,0.0037499999161809683,3.0,3.0
18,crc,1,800,0.028750000521540642,3.0,3.0
18,crc,2,800,0.051249999552965164,3.0,3.0
18,crc,3,800,0.1237500011920929,3.0,3.0
18,crc,4,800,0.3125,3.0,3.0
18,aa_crc_official,0,800,0.01,1.0,1.0
18,aa_crc_official,1,800,0.05875,1.0,1.0
18,aa_crc_official,2,800,0.165,2.065,1.0
18,aa_crc_official,3,800,0.205,7.96,1.0
18,aa_crc_official,4,800,0.0675,19.2825,26.0
18,recirc_tabicl,0,800,0.009999999776482582,1.015,1.0
18,recirc_tabicl,1,800,0.04500000178813934,1.14375,1.0
18,recirc_tabicl,2,800,0.10374999791383743,1.75625,1.0
18,recirc_tabicl,3,800,0.12250000238418579,2.85,2.0
18,recirc_tabicl,4,800,0.20999999344348907,4.6775,4.0
19,crc,0,800,0.004999999888241291,3.0,3.0
19,crc,1,800,0.023749999701976776,3.0,3.0
19,crc,2,800,0.038750000298023224,3.0,3.0
19,crc,3,800,0.11999999731779099,3.0,3.0
19,crc,4,800,0.2737500071525574,3.0,3.0
19,aa_crc_official,0,800,0.01,1.0,1.0
19,aa_crc_official,1,800,0.05,1.0,1.0
19,aa_crc_official,2,800,0.15625,2.3125,1.0
19,aa_crc_official,3,800,0.19125,8.115,1.0
19,aa_crc_official,4,800,0.07125,18.24625,26.0
19,recirc_tabicl,0,800,0.007499999832361937,1.01625,1.0
19,recirc_tabicl,1,800,0.03999999910593033,1.145,1.0
19,recirc_tabicl,2,800,0.0949999988079071,1.625,1.0
19,recirc_tabicl,3,800,0.16500000655651093,2.42875,2.0
19,recirc_tabicl,4,800,0.18250000476837158,4.695,4.0
