method,bin,bin_risk_mean,bin_risk_sd,avg_set_size_mean,avg_set_size_sd,n_mean
aa_crc_official,0,0.0098125,0.0046643066557578924,1.0,0.0,800.0
aa_crc_official,1,0.050749999999999997,0.007202430145443969,1.009375,0.017851267830546243,800.0
aa_crc_official,2,0.16612500000000002,0.013265383324157734,2.0357499999999997,0.23426024383600655,800.0
aa_crc_official,3,0.193125,0.012244090948612504,7.640874999999999,0.4956662681100108,800.0
aa_crc_official,4,0.0718125,0.012853392701826567,18.6290625,0.7902682001225912,800.0
crc,0,0.004437499970663339,0.0024155132623717873,3.1,0.3077935056255462,800.0
crc,1,0.019312500231899322,0.007029952448953075,3.1,0.3077935056255462,800.0
crc,2,0.04750000033527613,0.0068104022430461935,3.1,0.3077935056255462,800.0
crc,3,0.11862500086426735,0.015319514563501432,3.1,0.3077935056255462,800.0
crc,4,0.28656250089406965,0.02430235174880383,3.1,0.3077935056255462,800.0
recirc_tabicl,0,0.008500000066123902,0.003902597070995329,1.02325,0.022240462178082898,800.0
recirc_tabicl,1,0.038812500238418576,0.007816512120025466,1.1444375,0.05456538056844233,800.0
recirc_tabicl,2,0.11250000074505806,0.013842393648070068,1.5908125,0.13586363313709274,800.0
recirc_tabicl,3,0.1471874989569187,0.017990654494471663,2.6555625,0.2139468833950934,800.0
recirc_tabicl,4,0.18281249925494195,0.017471194395459293,4.682125,0.3139715615264676,800.0
