trial,method,alpha,selected_param,selected_m_mean,test_risk,excess_risk_event,avg_set_size,median_set_size,base_train_accuracy,base_test_accuracy
0,crc,0.1,3.0,3.0,0.09875000268220901,0.0,3.0,3.0,0.7821666666666667,0.76625
0,aa_crc_official,0.1,-0.15814260361711752,6.06975,0.1045,1.0,6.06975,1.0,0.7821666666666667,0.76625
0,recirc_tabicl,0.1,0.17500000000000002,2.395,0.09175000339746475,0.0,2.395,1.0,0.7821666666666667,0.76625
1,crc,0.1,3.0,3.0,0.09624999761581421,0.0,3.0,3.0,0.7828333333333334,0.76525
1,aa_crc_official,0.1,-0.004399344088794119,6.0985,0.106,1.0,6.0985,1.0,0.7828333333333334,0.76525
1,recirc_tabicl,0.1,0.1875,2.278,0.09175000339746475,0.0,2.278,1.0,0.7828333333333334,0.76525
2,crc,0.1,3.0,3.0,0.09974999725818634,0.0,3.0,3.0,0.7833333333333333,0.766
2,aa_crc_official,0.1,-0.26490439303575003,6.0365,0.09525,0.0,6.0365,1.0,0.7833333333333333,0.766
2,recirc_tabicl,0.1,0.2,2.234,0.09974999725818634,0.0,2.234,1.0,0.7833333333333333,0.766
3,crc,0.1,3.0,3.0,0.09875000268220901,0.0,3.0,3.0,0.779,0.7715
3,aa_crc_official,0.1,-0.6512046328427982,6.304,0.0915,0.0,6.304,1.0,0.779,0.7715
3,recirc_tabicl,0.1,0.17500000000000002,2.121,0.10324999690055847,1.0,2.121,1.0,0.779,0.7715
4,crc,0.1,3.0,3.0,0.09799999743700027,0.0,3.0,3.0,0.7905,0.771
4,aa_crc_official,0.1,-1.6470725985722985,6.6535,0.09,0.0,6.6535,1.0,0.7905,0.771
4,recirc_tabicl,0.1,0.1625,2.398,0.09549999982118607,0.0,2.398,1.0,0.7905,0.771
5,crc,0.1,3.0,3.0,0.09825000166893005,0.0,3.0,3.0,0.7808333333333334,0.76425
5,aa_crc_official,0.1,-0.23718218957366266,5.898,0.104,1.0,5.898,1.0,0.7808333333333334,0.76425
5,recirc_tabicl,0.1,0.1625,2.4015,0.09925000369548798,0.0,2.4015,1.0,0.7808333333333334,0.76425
6,crc,0.1,3.0,3.0,0.1014999970793724,1.0,3.0,3.0,0.783,0.76175
6,aa_crc_official,0.1,-0.11030088963043244,5.836,0.10425,1.0,5.836,1.0,0.783,0.76175
6,recirc_tabicl,0.1,0.21250000000000002,2.07525,0.10575000196695328,1.0,2.07525,1.0,0.783,0.76175
7,crc,0.1,3.0,3.0,0.09875000268220901,0.0,3.0,3.0,0.785,0.7675
7,aa_crc_official,0.1,0.34865140048866283,5.83325,0.10175,1.0,5.83325,1.0,0.785,0.7675
7,recirc_tabicl,0.1,0.225,2.171,0.09350000321865082,0.0,2.171,1.0,0.785,0.7675
8,crc,0.1,3.0,3.0,0.09724999964237213,0.0,3.0,3.0,0.7776666666666666,0.772
8,aa_crc_official,0.1,0.1340385443872093,5.811,0.101,1.0,5.811,1.0,0.7776666666666666,0.772
8,recirc_tabicl,0.1,0.225,2.1495,0.1014999970793724,1.0,2.1495,1.0,0.7776666666666666,0.772
9,crc,0.1,3.0,3.0,0.09799999743700027,0.0,3.0,3.0,0.7811666666666667,0.783
9,aa_crc_official,0.1,-1.1381870803747178,6.02975,0.0905,0.0,6.02975,1.0,0.7811666666666667,0.783
9,recirc_tabicl,0.1,0.2,2.13875,0.09624999761581421,0.0,2.13875,1.0,0.7811666666666667,0.783
10,crc,0.1,3.0,3.0,0.10000000149011612,1.0,3.0,3.0,0.7885,0.76775
10,aa_crc_official,0.1,-0.14044492330486602,6.0955,0.1015,1.0,6.0955,1.0,0.7885,0.76775
10,recirc_tabicl,0.1,0.2,2.23325,0.09399999678134918,0.0,2.23325,1.0,0.7885,0.76775
11,crc,0.1,3.0,3.0,0.09574999660253525,0.0,3.0,3.0,0.774,0.77425
11,aa_crc_official,0.1,0.30187999019036155,6.19,0.099,0.0,6.19,1.0,0.774,0.77425
11,recirc_tabicl,0.1,0.1875,2.0965,0.10000000149011612,1.0,2.0965,1.0,0.774,0.77425
12,crc,0.1,4.0,4.0,0.07474999874830246,0.0,4.0,4.0,0.7885,0.77025
12,aa_crc_official,0.1,-0.6517789490145358,6.309,0.0925,0.0,6.309,1.0,0.7885,0.77025
12,recirc_tabicl,0.1,0.1875,2.1255,0.10625000298023224,1.0,2.1255,1.0,0.7885,0.77025
13,crc,0.1,3.0,3.0,0.09600000083446503,0.0,3.0,3.0,0.7755,0.777
13,aa_crc_official,0.1,-0.1705800448416169,5.8635,0.0945,0.0,5.8635,1.0,0.7755,0.777
13,recirc_tabicl,0.1,0.2,2.17775,0.09449999779462814,0.0,2.17775,1.0,0.7755,0.777
14,crc,0.1,4.0,4.0,0.07374999672174454,0.0,4.0,4.0,0.7915,0.777
14,aa_crc_official,0.1,0.17556357824290045,6.03975,0.09275,0.0,6.03975,1.0,0.7915,0.777
14,recirc_tabicl,0.1,0.17500000000000002,2.329,0.09274999797344208,0.0,2.329,1.0,0.7915,0.777
15,crc,0.1,3.0,3.0,0.09399999678134918,0.0,3.0,3.0,0.7873333333333333,0.76875
15,aa_crc_official,0.1,0.7658810632628401,5.891,0.09525,0.0,5.891,1.0,0.7873333333333333,0.76875
15,recirc_tabicl,0.1,0.225,2.08875,0.09449999779462814,0.0,2.08875,1.0,0.7873333333333333,0.76875
16,crc,0.1,3.0,3.0,0.09600000083446503,0.0,3.0,3.0,0.7803333333333333,0.765
16,aa_crc_official,0.1,0.5511103686787713,5.83925,0.1085,1.0,5.83925,1.0,0.7803333333333333,0.765
16,recirc_tabicl,0.1,0.2,2.201,0.1132500022649765,1.0,2.201,1.0,0.7803333333333333,0.765
17,crc,0.1,3.0,3.0,0.09399999678134918,0.0,3.0,3.0,0.7798333333333334,0.768
17,aa_crc_official,0.1,-0.8631753225781597,6.06575,0.09675,0.0,6.06575,1.0,0.7798333333333334,0.768
17,recirc_tabicl,0.1,0.1375,2.3005,0.08950000256299973,0.0,2.3005,1.0,0.7798333333333334,0.768
18,crc,0.1,3.0,3.0,0.10400000214576721,1.0,3.0,3.0,0.7898333333333334,0.76325
18,aa_crc_official,0.1,-0.9073531808831625,6.2615,0.10125,1.0,6.2615,1.0,0.7898333333333334,0.76325
18,recirc_tabicl,0.1,0.1625,2.2885,0.09825000166893005,0.0,2.2885,1.0,0.7898333333333334,0.76325
19,crc,0.1,3.0,3.0,0.09224999696016312,0.0,3.0,3.0,0.7773333333333333,0.77125
19,aa_crc_official,0.1,-0.5922591146423373,6.13475,0.09575,0.0,6.13475,1.0,0.7773333333333333,0.77125
19,recirc_tabicl,0.1,0.1875,2.182,0.09799999743700027,0.0,2.182,1.0,0.7773333333333333,0.77125
