method,slice,slice_risk_mean,slice_risk_sd,mean_width,n_mean
"AA-CRC (official objective, truncated)",q-1-1,0.05693355402656741,0.007151998208984822,1.6510656350151856,1200.45
"AA-CRC (official objective, truncated)",q-11,0.12693229670023456,0.011325828266390066,6.196618447368428,1214.0
"AA-CRC (official objective, truncated)",q1-1,0.12523480565309647,0.011951988663525256,6.2250708736676525,1212.6
"AA-CRC (official objective, truncated)",q11,0.05450156339527544,0.008652327403817576,1.8354839407747536,1172.95
CRC,q-1-1,0.055735721811652185,0.007765341651368973,1.6546667516231537,1200.45
CRC,q-11,0.1265737682580948,0.013245834352348372,6.218629717826843,1214.0
CRC,q1-1,0.1315180741250515,0.012192286799176546,6.036935353279114,1212.6
CRC,q11,0.05947602242231369,0.00901375498715661,1.7845156073570252,1172.95
ReCIRC,q-1-1,0.08993611186742782,0.007041812056837049,1.2354696333408355,1200.45
ReCIRC,q-11,0.1024829711765051,0.012516110913520798,6.958366203308105,1214.0
ReCIRC,q1-1,0.1073560032993555,0.0075972072088538204,6.750916862487793,1212.6
ReCIRC,q11,0.0856700237840414,0.00750344341023317,1.34104226231575,1172.95
