method,trial,seed,alpha,risk_backend,selected_param,marginal_risk,excess_risk_event,avg_width,median_width,worst_slice,slice_cvar,mean_excess_slice,frac_slices_above_alpha,n_test
CRC,0,42,0.1,tabicl,0.7594936490058899,0.0872499942779541,0.0,3.9887993335723877,4.774864196777344,0.13122977316379547,0.13122977316379547,0.01297273114323616,0.5,4800
AA-CRC-lin (D∪C),0,42,0.1,tabicl,0.2305765151977539,0.101583331823349,1.0,3.7312350273132324,4.457469940185547,0.15291261672973633,0.15291261672973633,0.021492615342140198,0.5,4800
ReCIRC,0,42,0.1,tabicl,0.09044999957084655,0.10066667199134827,1.0,4.058461666107178,4.967079162597656,0.12038835138082504,0.12038835138082504,0.005592957139015198,0.5,4800
CRC,1,43,0.1,tabicl,0.7088607549667358,0.10654166340827942,1.0,3.7219974994659424,4.607701778411865,0.1584843397140503,0.1584843397140503,0.02691275253891945,0.5,4800
AA-CRC-lin (D∪C),1,43,0.1,tabicl,0.2305765151977539,0.10783332586288452,1.0,3.7098164558410645,4.607701778411865,0.16672158241271973,0.16672158241271973,0.028097063302993774,0.5,4800
ReCIRC,1,43,0.1,tabicl,0.08820000141859054,0.10108333826065063,1.0,3.967951774597168,4.4079179763793945,0.1285008192062378,0.1285008192062378,0.009750206023454666,0.5,4800
CRC,2,44,0.1,tabicl,0.7594936490058899,0.09545832872390747,0.0,3.849278450012207,4.293337821960449,0.1357203722000122,0.1357203722000122,0.016564320772886276,0.5,4800
AA-CRC-lin (D∪C),2,44,0.1,tabicl,0.2506265640258789,0.10062500089406967,1.0,3.7568717002868652,4.149580001831055,0.14799658954143524,0.14799658954143524,0.019968945533037186,0.5,4800
ReCIRC,2,44,0.1,tabicl,0.09611062690615654,0.10170833766460419,1.0,3.9392740726470947,3.1164352893829346,0.11730606108903885,0.11730606108903885,0.007640272378921509,0.5,4800
CRC,3,45,0.1,tabicl,0.7594936490058899,0.09400000423192978,0.0,4.077584743499756,5.032163619995117,0.13063864409923553,0.13063864409923553,0.014027390629053116,0.5,4800
AA-CRC-lin (D∪C),3,45,0.1,tabicl,0.2305765151977539,0.10904166102409363,1.0,3.7523014545440674,4.681240081787109,0.14842361211776733,0.14842361211776733,0.02375618740916252,0.5,4800
ReCIRC,3,45,0.1,tabicl,0.09022500514984132,0.09750000387430191,0.0,4.074541091918945,4.537740230560303,0.11608731001615524,0.11608731001615524,0.004533704370260239,0.5,4800
CRC,4,46,0.1,tabicl,0.8101266026496887,0.085916668176651,0.0,4.122555255889893,4.509158134460449,0.13983051478862762,0.13983051478862762,0.014555331319570541,0.5,4800
AA-CRC-lin (D∪C),4,46,0.1,tabicl,0.2506265640258789,0.10691666603088379,1.0,3.729886054992676,4.097592353820801,0.16050848364830017,0.16050848364830017,0.027113985270261765,0.5,4800
ReCIRC,4,46,0.1,tabicl,0.08223999977111816,0.09408333152532578,0.0,4.170694828033447,4.450281620025635,0.11779660731554031,0.11779660731554031,0.004449151456356049,0.25,4800
CRC,5,47,0.1,tabicl,0.7594936490058899,0.09137500077486038,0.0,3.9376351833343506,4.620798110961914,0.14129352569580078,0.14129352569580078,0.011476593092083931,0.5,4800
AA-CRC-lin (D∪C),5,47,0.1,tabicl,0.2506265640258789,0.09816666692495346,0.0,3.813941240310669,4.384621620178223,0.15174129605293274,0.15174129605293274,0.015241749584674835,0.5,4800
ReCIRC,5,47,0.1,tabicl,0.09364625185728073,0.09562499821186066,0.0,4.0760321617126465,4.759655952453613,0.11757877469062805,0.11757877469062805,0.004394693300127983,0.25,4800
CRC,6,48,0.1,tabicl,0.7594936490058899,0.09304165840148926,0.0,3.97324538230896,4.6595683097839355,0.13370786607265472,0.13370786607265472,0.01095411367714405,0.5,4800
AA-CRC-lin (D∪C),6,48,0.1,tabicl,0.2305765151977539,0.1041666641831398,1.0,3.7197070121765137,4.3522186279296875,0.1475120335817337,0.1475120335817337,0.017830388620495796,0.5,4800
ReCIRC,6,48,0.1,tabicl,0.08799750566482543,0.09620833396911621,0.0,4.082820415496826,4.708377838134766,0.10754413902759552,0.10754413902759552,0.0018860343843698502,0.25,4800
CRC,7,49,0.1,tabicl,0.7594936490058899,0.09383333474397659,0.0,3.9802815914154053,5.107073783874512,0.1184764951467514,0.1184764951467514,0.00903335027396679,0.5,4800
AA-CRC-lin (D∪C),7,49,0.1,tabicl,0.2305765151977539,0.10729166865348816,1.0,3.752316474914551,4.790619850158691,0.13922205567359924,0.13922205567359924,0.017274130135774612,0.5,4800
ReCIRC,7,49,0.1,tabicl,0.08901000201702118,0.09304166585206985,0.0,4.128857135772705,4.469033718109131,0.10410042852163315,0.10410042852163315,0.0010251067578792572,0.25,4800
CRC,8,50,0.1,tabicl,0.7594936490058899,0.085958331823349,0.0,4.05243444442749,5.000704765319824,0.12502023577690125,0.12502023577690125,0.011634282767772675,0.5,4800
AA-CRC-lin (D∪C),8,50,0.1,tabicl,0.2305765151977539,0.10437499731779099,1.0,3.742141008377075,4.658326148986816,0.14476504921913147,0.14476504921913147,0.022061709314584732,0.5,4800
ReCIRC,8,50,0.1,tabicl,0.08313937783241272,0.09208333492279053,0.0,4.108761310577393,4.992452621459961,0.10785424709320068,0.10785424709320068,0.001963561400771141,0.25,4800
CRC,9,51,0.1,tabicl,0.7088607549667358,0.10612500458955765,1.0,3.6818106174468994,4.135088920593262,0.1596042960882187,0.1596042960882187,0.027686364948749542,0.5,4800
AA-CRC-lin (D∪C),9,51,0.1,tabicl,0.2305765151977539,0.10629168152809143,1.0,3.6767404079437256,4.133110046386719,0.1615828573703766,0.1615828573703766,0.02784288302063942,0.5,4800
ReCIRC,9,51,0.1,tabicl,0.09243063002824783,0.09754166752099991,0.0,3.978945255279541,2.998234748840332,0.12349546700716019,0.12349546700716019,0.00703616626560688,0.5,4800
CRC,10,52,0.1,tabicl,0.7594936490058899,0.09158334136009216,0.0,4.075748443603516,4.994073867797852,0.12154232710599899,0.12154232710599899,0.01009688712656498,0.5,4800
AA-CRC-lin (D∪C),10,52,0.1,tabicl,0.2305765151977539,0.1067083328962326,1.0,3.794609308242798,4.648495674133301,0.14652137458324432,0.14652137458324432,0.019910216331481934,0.5,4800
ReCIRC,10,52,0.1,tabicl,0.09252312332391739,0.09687499701976776,0.0,4.164882659912109,5.129280090332031,0.10444258898496628,0.10444258898496628,0.0011306945234537125,0.5,4800
CRC,11,53,0.1,tabicl,0.7594936490058899,0.08891666680574417,0.0,4.0119171142578125,4.337785720825195,0.12685337662696838,0.12685337662696838,0.01307850331068039,0.5,4800
AA-CRC-lin (D∪C),11,53,0.1,tabicl,0.2305765151977539,0.10354166477918625,1.0,3.7335596084594727,4.030059814453125,0.14695222675800323,0.14695222675800323,0.02270958200097084,0.5,4800
ReCIRC,11,53,0.1,tabicl,0.09471500366926193,0.09979166835546494,0.0,3.9905142784118652,3.2066233158111572,0.11515650898218155,0.11515650898218155,0.006511067971587181,0.5,4800
CRC,12,54,0.1,tabicl,0.7594936490058899,0.08962500095367432,0.0,4.089379787445068,5.06610631942749,0.12428919225931168,0.12428919225931168,0.012032430619001389,0.5,4800
AA-CRC-lin (D∪C),12,54,0.1,tabicl,0.2305765151977539,0.10350000113248825,1.0,3.8061776161193848,4.722361087799072,0.1459723263978958,0.1459723263978958,0.021017856895923615,0.5,4800
ReCIRC,12,54,0.1,tabicl,0.09764625102281571,0.10237500071525574,1.0,4.177691459655762,4.832568645477295,0.10934200137853622,0.10934200137853622,0.003698393702507019,0.5,4800
CRC,13,55,0.1,tabicl,0.7594936490058899,0.08695834130048752,0.0,3.9570088386535645,4.366386413574219,0.11848808079957962,0.11848808079957962,0.008703231811523438,0.5,4800
AA-CRC-lin (D∪C),13,55,0.1,tabicl,0.2305765151977539,0.09995833784341812,0.0,3.707001209259033,4.131907939910889,0.1369975358247757,0.1369975358247757,0.017076008021831512,0.5,4800
ReCIRC,13,55,0.1,tabicl,0.0920606292784214,0.09458333253860474,0.0,4.1037726402282715,4.389736175537109,0.10057424753904343,0.10057424753904343,0.00014356151223182678,0.25,4800
CRC,14,56,0.1,tabicl,0.7088607549667358,0.09624999761581421,0.0,3.8609585762023926,4.70831298828125,0.14170615375041962,0.14170615375041962,0.015591826289892197,0.5,4800
AA-CRC-lin (D∪C),14,56,0.1,tabicl,0.2305765151977539,0.0976666659116745,0.0,3.8321053981781006,4.669661521911621,0.14186415076255798,0.14186415076255798,0.01596190221607685,0.5,4800
ReCIRC,14,56,0.1,tabicl,0.10311001181602478,0.09545833617448807,0.0,4.137092590332031,5.421802520751953,0.10221168398857117,0.10221168398857117,0.0005529206246137619,0.25,4800
CRC,15,57,0.1,tabicl,0.7594936490058899,0.09287499636411667,0.0,4.006218910217285,5.0956645011901855,0.12534412741661072,0.12534412741661072,0.009254399687051773,0.5,4800
AA-CRC-lin (D∪C),15,57,0.1,tabicl,0.2506265640258789,0.10237500816583633,1.0,3.8624014854431152,4.916959762573242,0.13425102829933167,0.13425102829933167,0.015032146126031876,0.5,4800
ReCIRC,15,57,0.1,tabicl,0.10155187651515006,0.10191667079925537,1.0,4.055454730987549,4.80555534362793,0.11319838464260101,0.11319838464260101,0.004001351073384285,0.5,4800
CRC,16,58,0.1,tabicl,0.7594936490058899,0.10120832920074463,1.0,3.958544969558716,4.884713172912598,0.13439330458641052,0.13439330458641052,0.01606585830450058,0.5,4800
AA-CRC-lin (D∪C),16,58,0.1,tabicl,0.2506265640258789,0.10745833069086075,1.0,3.8337419033050537,4.702452659606934,0.14343096315860748,0.14343096315860748,0.01889345422387123,0.5,4800
ReCIRC,16,58,0.1,tabicl,0.09725625023245812,0.1028333380818367,1.0,4.120260238647461,4.96608304977417,0.10476987808942795,0.10476987808942795,0.0028523243963718414,1.0,4800
CRC,17,59,0.1,tabicl,0.7594936490058899,0.09520833194255829,0.0,3.848031520843506,4.099802494049072,0.13967986404895782,0.13967986404895782,0.015953022986650467,0.5,4800
AA-CRC-lin (D∪C),17,59,0.1,tabicl,0.2506265640258789,0.09983333945274353,0.0,3.775829553604126,4.055763244628906,0.14675652980804443,0.14675652980804443,0.018383346498012543,0.5,4800
ReCIRC,17,59,0.1,tabicl,0.08710624724626541,0.09291666746139526,0.0,4.132312774658203,2.772322654724121,0.10598146915435791,0.10598146915435791,0.0014953669160604477,0.25,4800
CRC,18,60,0.1,tabicl,0.7088607549667358,0.10095833241939545,1.0,3.7866146564483643,4.548667907714844,0.14604495465755463,0.14604495465755463,0.02299332618713379,0.5,4800
AA-CRC-lin (D∪C),18,60,0.1,tabicl,0.2305765151977539,0.10325000435113907,1.0,3.751889228820801,4.462279319763184,0.1495114117860794,0.1495114117860794,0.024097252637147903,0.5,4800
ReCIRC,18,60,0.1,tabicl,0.09606188043951988,0.10641666501760483,1.0,3.953202247619629,3.6194441318511963,0.11890091747045517,0.11890091747045517,0.008756173774600029,0.5,4800
CRC,19,61,0.1,tabicl,0.7594936490058899,0.09075000137090683,0.0,3.983886241912842,4.189425945281982,0.12348993122577667,0.12348993122577667,0.010872479528188705,0.5,4800
AA-CRC-lin (D∪C),19,61,0.1,tabicl,0.2305765151977539,0.10600001364946365,1.0,3.710775136947632,3.9053850173950195,0.14379195868968964,0.14379195868968964,0.02094798907637596,0.5,4800
ReCIRC,19,61,0.1,tabicl,0.09015751004219055,0.09870833158493042,0.0,4.002078056335449,2.6467490196228027,0.11057047545909882,0.11057047545909882,0.0030627865344285965,0.5,4800
