method,trial,seed,alpha,risk_backend,selected_param,marginal_risk,excess_risk_event,avg_width,median_width,infinite_width_rate,rate_at_lam_max,worst_slice,slice_cvar,mean_excess_slice,frac_slices_above_alpha,n_test
CRC,0,42,0.1,tabicl,0.7594936490058899,0.0872499942779541,0.0,3.9887993335723877,4.774864196777344,0.0,0.0,0.13122977316379547,0.13122977316379547,0.01297273114323616,0.5,4800
"AA-CRC (official objective, truncated)",0,42,0.1,tabicl,0.7659998104795669,0.08666666666666667,0.0,4.022251657586938,4.827756588974598,0.0,0.0,0.1344660194174757,0.1344660194174757,0.012252868490732562,0.5,4800
ReCIRC,0,42,0.1,tabicl,0.09,0.09983333200216293,0.0,4.0661516189575195,4.9964599609375,0.0,0.0,0.11909385025501251,0.11909385025501251,0.00510404072701931,0.5,4800
CRC,1,43,0.1,tabicl,0.7088607549667358,0.10654166340827942,1.0,3.7219974994659424,4.607701778411865,0.0,0.0,0.1584843397140503,0.1584843397140503,0.02691275253891945,0.5,4800
"AA-CRC (official objective, truncated)",1,43,0.1,tabicl,0.7470421456666114,0.09695833333333333,0.0,3.916886726883616,4.794587034066837,0.0,0.0,0.15980230642504117,0.15980230642504117,0.02178390993959363,0.5,4800
ReCIRC,1,43,0.1,tabicl,0.09,0.10333333164453506,1.0,3.9322803020477295,4.309286594390869,0.0,0.0,0.13212521374225616,0.13212521374225616,0.011114636436104774,0.5,4800
CRC,2,44,0.1,tabicl,0.7594936490058899,0.09545832872390747,0.0,3.849278450012207,4.293337821960449,0.0,0.0,0.1357203722000122,0.1357203722000122,0.016564320772886276,0.5,4800
"AA-CRC (official objective, truncated)",2,44,0.1,tabicl,0.7807346954113521,0.09079166666666667,0.0,3.9584801661002325,4.376092287030474,0.0,0.0,0.12855924978687128,0.12855924978687128,0.014060953386315127,0.5,4800
ReCIRC,2,44,0.1,tabicl,0.095,0.10091666877269745,1.0,3.9560205936431885,3.1164352893829346,0.0,0.0,0.11645354330539703,0.11645354330539703,0.006923789158463478,0.5,4800
CRC,3,45,0.1,tabicl,0.7594936490058899,0.09400000423192978,0.0,4.077584743499756,5.032163619995117,0.0,0.0,0.13063864409923553,0.13063864409923553,0.014027390629053116,0.5,4800
"AA-CRC (official objective, truncated)",3,45,0.1,tabicl,0.7575835665750539,0.09362500000000001,0.0,4.054455140269899,5.116104957331661,0.0,0.0,0.12989352989352992,0.12989352989352992,0.014647998479849739,0.5,4800
ReCIRC,3,45,0.1,tabicl,0.09,0.09745834022760391,0.0,4.0779900550842285,4.559237957000732,0.0,0.0,0.11608731001615524,0.11608731001615524,0.004369903355836868,0.5,4800
CRC,4,46,0.1,tabicl,0.8101266026496887,0.085916668176651,0.0,4.122555255889893,4.509158134460449,0.0,0.0,0.13983051478862762,0.13983051478862762,0.014555331319570541,0.5,4800
"AA-CRC (official objective, truncated)",4,46,0.1,tabicl,0.8027789446807776,0.08870833333333335,0.0,4.082677781064192,4.495120475613389,0.0,0.0,0.13525423728813563,0.13525423728813563,0.015956416464891043,0.5,4800
ReCIRC,4,46,0.1,tabicl,0.08,0.0923333391547203,0.0,4.202551364898682,4.470691204071045,0.0,0.0,0.1176271066069603,0.1176271066069603,0.004406776279211044,0.25,4800
CRC,5,47,0.1,tabicl,0.7594936490058899,0.09137500077486038,0.0,3.9376351833343506,4.620798110961914,0.0,0.0,0.14129352569580078,0.14129352569580078,0.011476593092083931,0.5,4800
"AA-CRC (official objective, truncated)",5,47,0.1,tabicl,0.7715585769540526,0.09258333333333334,0.0,4.003867793017748,4.5993324182169655,0.0,0.0,0.13515754560530682,0.13515754560530682,0.011054625281063112,0.5,4800
ReCIRC,5,47,0.1,tabicl,0.09,0.09204166382551193,0.0,4.141808986663818,4.841366767883301,0.0,0.0,0.11310115456581116,0.11310115456581116,0.0032752882689237595,0.25,4800
CRC,6,48,0.1,tabicl,0.7594936490058899,0.09304165840148926,0.0,3.97324538230896,4.6595683097839355,0.0,0.0,0.13370786607265472,0.13370786607265472,0.01095411367714405,0.5,4800
"AA-CRC (official objective, truncated)",6,48,0.1,tabicl,0.752679337202232,0.09475,0.0,3.9358846009572326,4.621266086686191,0.0,0.0,0.1365971107544141,0.1365971107544141,0.011968826560783973,0.5,4800
ReCIRC,6,48,0.1,tabicl,0.085,0.09333333373069763,0.0,4.137562274932861,4.762297630310059,0.0,0.0,0.10545746237039566,0.10545746237039566,0.0013643652200698853,0.25,4800
CRC,7,49,0.1,tabicl,0.7594936490058899,0.09383333474397659,0.0,3.9802815914154053,5.107073783874512,0.0,0.0,0.1184764951467514,0.1184764951467514,0.00903335027396679,0.5,4800
"AA-CRC (official objective, truncated)",7,49,0.1,tabicl,0.7818661457812727,0.089125,0.0,4.093763039402326,5.2742343651918775,0.0,0.0,0.12576985413290112,0.12576985413290112,0.006442463533225279,0.25,4800
ReCIRC,7,49,0.1,tabicl,0.085,0.08912500739097595,0.0,4.212464809417725,4.661455154418945,0.0,0.0,0.10025104880332947,0.10025104880332947,6.27618283033371e-05,0.25,4800
CRC,8,50,0.1,tabicl,0.7594936490058899,0.085958331823349,0.0,4.05243444442749,5.000704765319824,0.0,0.0,0.12502023577690125,0.12502023577690125,0.011634282767772675,0.5,4800
"AA-CRC (official objective, truncated)",8,50,0.1,tabicl,0.7781764183826808,0.082,0.0,4.150384577802597,5.168361849910827,0.0,0.0,0.1193734542456719,0.1193734542456719,0.009276561941984778,0.5,4800
ReCIRC,8,50,0.1,tabicl,0.08,0.09020833671092987,0.0,4.162144184112549,5.058114051818848,0.0,0.0,0.10591091960668564,0.10591091960668564,0.0014777295291423798,0.25,4800
CRC,9,51,0.1,tabicl,0.7088607549667358,0.10612500458955765,1.0,3.6818106174468994,4.135088920593262,0.0,0.0,0.1596042960882187,0.1596042960882187,0.027686364948749542,0.5,4800
"AA-CRC (official objective, truncated)",9,51,0.1,tabicl,0.7463329210287543,0.09595833333333334,0.0,3.8737417323186922,4.327738723271798,0.0,0.0,0.14872217642209398,0.14872217642209398,0.021119681890815124,0.5,4800
ReCIRC,9,51,0.1,tabicl,0.09,0.09637501090765,0.0,4.02401876449585,3.087298631668091,0.0,0.0,0.12168178707361221,0.12168178707361221,0.006371418014168739,0.5,4800
CRC,10,52,0.1,tabicl,0.7594936490058899,0.09158334136009216,0.0,4.075748443603516,4.994073867797852,0.0,0.0,0.12154232710599899,0.12154232710599899,0.01009688712656498,0.5,4800
"AA-CRC (official objective, truncated)",10,52,0.1,tabicl,0.7519578282354414,0.09208333333333334,0.0,4.035459745247792,4.901139079261844,0.0,0.0,0.127745180217938,0.127745180217938,0.010685292648710636,0.5,4800
ReCIRC,10,52,0.1,tabicl,0.09,0.0949583351612091,0.0,4.213188648223877,5.189535617828369,0.0,0.0,0.1022632047533989,0.1022632047533989,0.000565800815820694,0.25,4800
CRC,11,53,0.1,tabicl,0.7594936490058899,0.08891666680574417,0.0,4.0119171142578125,4.337785720825195,0.0,0.0,0.12685337662696838,0.12685337662696838,0.01307850331068039,0.5,4800
"AA-CRC (official objective, truncated)",11,53,0.1,tabicl,0.7563268373162927,0.08945833333333333,0.0,3.992939687771112,4.254272285389249,0.0,0.0,0.13047775947281715,0.13047775947281715,0.013523962481269615,0.5,4800
ReCIRC,11,53,0.1,tabicl,0.095,0.09991666674613953,0.0,3.9856200218200684,3.2106871604919434,0.0,0.0,0.11515650898218155,0.11515650898218155,0.006678575649857521,0.5,4800
CRC,12,54,0.1,tabicl,0.7594936490058899,0.08962500095367432,0.0,4.089379787445068,5.06610631942749,0.0,0.0,0.12428919225931168,0.12428919225931168,0.012032430619001389,0.5,4800
"AA-CRC (official objective, truncated)",12,54,0.1,tabicl,0.7497851952030493,0.09175,0.0,4.038167562790408,4.9532411837799595,0.0,0.0,0.1278635255889521,0.1278635255889521,0.013658314269491885,0.5,4800
ReCIRC,12,54,0.1,tabicl,0.095,0.09958333522081375,0.0,4.220729351043701,4.903386116027832,0.0,0.0,0.10739237070083618,0.10739237070083618,0.00235663540661335,0.5,4800
CRC,13,55,0.1,tabicl,0.7594936490058899,0.08695834130048752,0.0,3.9570088386535645,4.366386413574219,0.0,0.0,0.11848808079957962,0.11848808079957962,0.008703231811523438,0.5,4800
"AA-CRC (official objective, truncated)",13,55,0.1,tabicl,0.7626749576578772,0.08629166666666667,0.0,3.970351367028179,4.412045180505437,0.0,0.0,0.11878589007383102,0.11878589007383102,0.00878439363595981,0.5,4800
ReCIRC,13,55,0.1,tabicl,0.09,0.0924166589975357,0.0,4.137533187866211,4.432336807250977,0.0,0.0,0.10057424753904343,0.10057424753904343,0.00014356151223182678,0.25,4800
CRC,14,56,0.1,tabicl,0.7088607549667358,0.09624999761581421,0.0,3.8609585762023926,4.70831298828125,0.0,0.0,0.14170615375041962,0.14170615375041962,0.015591826289892197,0.5,4800
"AA-CRC (official objective, truncated)",14,56,0.1,tabicl,0.7327191841918844,0.08925,0.0,3.9896083041584296,4.724470960827655,0.0,0.0,0.12429752066115703,0.12429752066115703,0.01077422218740616,0.5,4800
ReCIRC,14,56,0.1,tabicl,0.1,0.09145833551883698,0.0,4.1969146728515625,5.540715217590332,0.0,0.0,0.0969984233379364,0.0969984233379364,0.0,0.0,4800
CRC,15,57,0.1,tabicl,0.7594936490058899,0.09287499636411667,0.0,4.006218910217285,5.0956645011901855,0.0,0.0,0.12534412741661072,0.12534412741661072,0.009254399687051773,0.5,4800
"AA-CRC (official objective, truncated)",15,57,0.1,tabicl,0.7657081567861365,0.09229166666666666,0.0,4.038659188301284,5.069440249065861,0.0,0.0,0.11870445344129554,0.11870445344129554,0.009267950095017762,0.5,4800
ReCIRC,15,57,0.1,tabicl,0.1,0.10070833563804626,1.0,4.078821659088135,4.832437515258789,0.0,0.0,0.11206477135419846,0.11206477135419846,0.003498649224638939,0.5,4800
CRC,16,58,0.1,tabicl,0.7594936490058899,0.10120832920074463,1.0,3.958544969558716,4.884713172912598,0.0,0.0,0.13439330458641052,0.13439330458641052,0.01606585830450058,0.5,4800
"AA-CRC (official objective, truncated)",16,58,0.1,tabicl,0.7676415985652512,0.09770833333333333,0.0,3.999832680307883,4.904696292896611,0.0,0.0,0.13723849372384936,0.13723849372384936,0.013611571482910385,0.5,4800
ReCIRC,16,58,0.1,tabicl,0.095,0.10108334571123123,1.0,4.156554222106934,5.002108097076416,0.0,0.0,0.10304054617881775,0.10304054617881775,0.0013474933803081512,0.75,4800
CRC,17,59,0.1,tabicl,0.7594936490058899,0.09520833194255829,0.0,3.848031520843506,4.099802494049072,0.0,0.0,0.13967986404895782,0.13967986404895782,0.015953022986650467,0.5,4800
"AA-CRC (official objective, truncated)",17,59,0.1,tabicl,0.7991875647190323,0.08654166666666666,0.0,4.051117225121064,4.412049014046412,0.0,0.0,0.11933884297520661,0.11933884297520661,0.009405056152394745,0.5,4800
ReCIRC,17,59,0.1,tabicl,0.085,0.0910833328962326,0.0,4.166164398193359,2.823427200317383,0.0,0.0,0.10379106551408768,0.10379106551408768,0.0009477660059928894,0.25,4800
CRC,18,60,0.1,tabicl,0.7088607549667358,0.10095833241939545,1.0,3.7866146564483643,4.548667907714844,0.0,0.0,0.14604495465755463,0.14604495465755463,0.02299332618713379,0.5,4800
"AA-CRC (official objective, truncated)",18,60,0.1,tabicl,0.7216428282915204,0.099,0.0,3.855870195384252,4.489833723991074,0.0,0.0,0.1488759367194005,0.1488759367194005,0.021746671476267063,0.5,4800
ReCIRC,18,60,0.1,tabicl,0.095,0.1042083352804184,1.0,3.9737167358398438,3.713089942932129,0.0,0.0,0.11656952649354935,0.11656952649354935,0.007236843928694725,0.5,4800
CRC,19,61,0.1,tabicl,0.7594936490058899,0.09075000137090683,0.0,3.983886241912842,4.189425945281982,0.0,0.0,0.12348993122577667,0.12348993122577667,0.010872479528188705,0.5,4800
"AA-CRC (official objective, truncated)",19,61,0.1,tabicl,0.7563782527611196,0.09016666666666667,0.0,3.9674069904153337,4.192417689734917,0.0,0.0,0.1273949579831933,0.1273949579831933,0.011253101911905705,0.5,4800
ReCIRC,19,61,0.1,tabicl,0.09,0.09854166954755783,0.0,4.004283905029297,2.6467490196228027,0.0,0.0,0.11057047545909882,0.11057047545909882,0.0030627865344285965,0.5,4800
