method,bin,mean_lambda,sd_lambda,trial
AA-CRC,0,0.8089457131113438,0.13427199891631972,0
AA-CRC,1,0.6366109721761075,0.18951605468258806,0
AA-CRC,2,0.487610430777793,0.1926980235573671,0
AA-CRC,3,0.3498716450545623,0.18419420491384808,0
AA-CRC,4,0.25192127201928605,0.17070504850572832,0
AA-CRC,5,0.1705843565481803,0.1394006181331,0
AA-CRC,6,0.13136010423019365,0.12326587409626243,0
AA-CRC,7,0.10697970027824064,0.108855489080636,0
AA-CRC,8,0.0933859258550919,0.11265047138510546,0
AA-CRC,9,0.0883954040999063,0.11099637006272858,0
ReCIRC-TabICL,0,0.8692878338278933,0.10718033113935377,0
ReCIRC-TabICL,1,0.765532223026792,0.15064845069209004,0
ReCIRC-TabICL,2,0.6110259917920656,0.20306788776142087,0
ReCIRC-TabICL,3,0.42671078755790864,0.23123921995609922,0
ReCIRC-TabICL,4,0.29526104417670684,0.22603865307934484,0
ReCIRC-TabICL,5,0.18681727574750837,0.18900694278030244,0
ReCIRC-TabICL,6,0.14425963488843813,0.16186531914440258,0
ReCIRC-TabICL,7,0.11771349862258955,0.1329067093831399,0
ReCIRC-TabICL,8,0.10112021857923499,0.11275415384231037,0
ReCIRC-TabICL,9,0.10008547008547011,0.10114441222857504,0
AA-CRC,0,0.7988433176239048,0.14030353314728725,1
AA-CRC,1,0.6355968348715546,0.17878323812933447,1
AA-CRC,2,0.46665582215626633,0.18433234425149086,1
AA-CRC,3,0.3293827056805502,0.17820863292222175,1
AA-CRC,4,0.22933832740574536,0.16182477251869556,1
AA-CRC,5,0.15874623704023752,0.13067653941897187,1
AA-CRC,6,0.1293215173230791,0.11913934630129167,1
AA-CRC,7,0.10514905844076802,0.10392587898559268,1
AA-CRC,8,0.09077546982352382,0.10069076583758921,1
AA-CRC,9,0.08184205965779494,0.0931059531457165,1
ReCIRC-TabICL,0,0.8470022539444026,0.14696002664477723,1
ReCIRC-TabICL,1,0.7422434367541766,0.16487133313689403,1
ReCIRC-TabICL,2,0.5787593728698023,0.21523523071035253,1
ReCIRC-TabICL,3,0.3990914990266061,0.24374794709348616,1
ReCIRC-TabICL,4,0.2687251761691224,0.22837526449978537,1
ReCIRC-TabICL,5,0.18092923516797715,0.18793028682197674,1
ReCIRC-TabICL,6,0.1529225908372828,0.1642191211711245,1
ReCIRC-TabICL,7,0.12268204758471521,0.13116862233754675,1
ReCIRC-TabICL,8,0.10990752972258917,0.11692048990863976,1
ReCIRC-TabICL,9,0.09958762886597938,0.1027879735439711,1
AA-CRC,0,0.8040438254385448,0.1390364691618313,2
AA-CRC,1,0.6442927337659576,0.18420101465428929,2
AA-CRC,2,0.48948625961193065,0.18740366847702922,2
AA-CRC,3,0.3497503028750162,0.18236161309719573,2
AA-CRC,4,0.24612967161855068,0.16151995573594585,2
AA-CRC,5,0.16157288529639202,0.1287681534024955,2
AA-CRC,6,0.1290656984473686,0.11989504468933285,2
AA-CRC,7,0.1028481924506888,0.10230164279917495,2
AA-CRC,8,0.09130132647315696,0.10457932979014625,2
AA-CRC,9,0.08094003112896468,0.09932517526280463,2
ReCIRC-TabICL,0,0.8467815299793245,0.13140094875967903,2
ReCIRC-TabICL,1,0.7531420573827852,0.15885170554432082,2
ReCIRC-TabICL,2,0.6018181818181817,0.2096440640915345,2
ReCIRC-TabICL,3,0.4228381962864721,0.23733133410586718,2
ReCIRC-TabICL,4,0.2829274447949527,0.219718226000231,2
ReCIRC-TabICL,5,0.18193717277486912,0.18121294704958096,2
ReCIRC-TabICL,6,0.14454352441613588,0.154934021464793,2
ReCIRC-TabICL,7,0.11027098479841375,0.1155806310951681,2
ReCIRC-TabICL,8,0.09370566037735849,0.1024407982093631,2
ReCIRC-TabICL,9,0.0888795518207283,0.10184092363843833,2
AA-CRC,0,0.8195506659665989,0.12278989593891221,3
AA-CRC,1,0.6469204667166394,0.1834490692093565,3
AA-CRC,2,0.4702389864817959,0.20111340800959498,3
AA-CRC,3,0.32742493548234697,0.1909554578218647,3
AA-CRC,4,0.22243330990740617,0.17008161559529789,3
AA-CRC,5,0.16552254882304518,0.1462400769336117,3
AA-CRC,6,0.13761750944496187,0.13495845849618135,3
AA-CRC,7,0.11781617237912076,0.1191867402338149,3
AA-CRC,8,0.10666006981971532,0.1191763416861847,3
AA-CRC,9,0.09190990150452173,0.10643024928077253,3
ReCIRC-TabICL,0,0.8508213820078228,0.12722585389788402,3
ReCIRC-TabICL,1,0.7298291721419184,0.17377647291639362,3
ReCIRC-TabICL,2,0.5494193548387097,0.223375970376223,3
ReCIRC-TabICL,3,0.37702752293577985,0.23510964812848414,3
ReCIRC-TabICL,4,0.2501347708894879,0.22235866986295463,3
ReCIRC-TabICL,5,0.17560126582278485,0.1881243676930681,3
ReCIRC-TabICL,6,0.1486635325721961,0.1664140830321852,3
ReCIRC-TabICL,7,0.12211152416356878,0.13590835330899978,3
ReCIRC-TabICL,8,0.10661064425770309,0.11695481278698502,3
ReCIRC-TabICL,9,0.08928742994395517,0.09433372531340686,3
AA-CRC,0,0.8077579572263351,0.12274818249527782,4
AA-CRC,1,0.6386198444150228,0.18568838105634147,4
AA-CRC,2,0.47911772339569003,0.19435112214230335,4
AA-CRC,3,0.3362851825333278,0.18812968991658813,4
AA-CRC,4,0.24783674994437999,0.17187170416162323,4
AA-CRC,5,0.17372715588545973,0.14704488712058517,4
AA-CRC,6,0.13678396206993026,0.12760782643605972,4
AA-CRC,7,0.11554118245096363,0.11580637367763483,4
AA-CRC,8,0.10002074207882831,0.11615541720350306,4
AA-CRC,9,0.0909596809259608,0.10868916295636369,4
ReCIRC-TabICL,0,0.8572350877192982,0.11171613854299306,4
ReCIRC-TabICL,1,0.7538567493112946,0.15612649874851992,4
ReCIRC-TabICL,2,0.5760627861347285,0.22475551424922952,4
ReCIRC-TabICL,3,0.3885427135678392,0.2449236834250037,4
ReCIRC-TabICL,4,0.2787306064880113,0.22935876008186265,4
ReCIRC-TabICL,5,0.18602572782667573,0.18685214597794256,4
ReCIRC-TabICL,6,0.14949935815147627,0.16666364684774335,4
ReCIRC-TabICL,7,0.1262848751835536,0.1389550933398,4
ReCIRC-TabICL,8,0.10154065620542084,0.12064694895796033,4
ReCIRC-TabICL,9,0.08153638814016173,0.09886041043499139,4
AA-CRC,0,0.8062605175281362,0.1287438470927675,5
AA-CRC,1,0.6281119928546021,0.18335252561373944,5
AA-CRC,2,0.4752737418935762,0.196145201714722,5
AA-CRC,3,0.32717415671897804,0.18918882933132256,5
AA-CRC,4,0.24111673204974324,0.16709719567209785,5
AA-CRC,5,0.17047018171410372,0.146067182291236,5
AA-CRC,6,0.1266469896593132,0.12321204777322446,5
AA-CRC,7,0.10497450593810809,0.11294214160456723,5
AA-CRC,8,0.09392458996000798,0.11255572202188459,5
AA-CRC,9,0.09012112829837281,0.1107846727582494,5
ReCIRC-TabICL,0,0.847731543624161,0.13682628141873537,5
ReCIRC-TabICL,1,0.7480969875091845,0.1593538827709799,5
ReCIRC-TabICL,2,0.5757689724647413,0.2147185587080886,5
ReCIRC-TabICL,3,0.38487741935483866,0.24135200729556475,5
ReCIRC-TabICL,4,0.2713180741910024,0.2247603280474788,5
ReCIRC-TabICL,5,0.1829299363057325,0.19174076858631542,5
ReCIRC-TabICL,6,0.14104821802935014,0.16240941715043694,5
ReCIRC-TabICL,7,0.11961734693877552,0.1377473897123031,5
ReCIRC-TabICL,8,0.09809214795587283,0.11102376205017125,5
ReCIRC-TabICL,9,0.08365467625899281,0.10355075301201641,5
AA-CRC,0,0.802453372049118,0.13902631487300499,6
AA-CRC,1,0.6045705081572534,0.1957008580044741,6
AA-CRC,2,0.4479163079264291,0.20018981722359305,6
AA-CRC,3,0.3176595065757389,0.18562718587451488,6
AA-CRC,4,0.23170164964561632,0.1683087515204826,6
AA-CRC,5,0.16840191167051022,0.1424496896054062,6
AA-CRC,6,0.13103140551202558,0.12636281645928524,6
AA-CRC,7,0.1097945017685207,0.11029051185955716,6
AA-CRC,8,0.09756857182517176,0.11102665232728223,6
AA-CRC,9,0.08625522581495285,0.10586067411170022,6
ReCIRC-TabICL,0,0.840429242119383,0.14145295029174837,6
ReCIRC-TabICL,1,0.7337275362318841,0.16873224126335765,6
ReCIRC-TabICL,2,0.5530519031141868,0.22166004880641568,6
ReCIRC-TabICL,3,0.3798709677419355,0.23547645100501352,6
ReCIRC-TabICL,4,0.2673668188736682,0.22688125954114485,6
ReCIRC-TabICL,5,0.1851109520400859,0.1942050731899363,6
ReCIRC-TabICL,6,0.1409794180269695,0.16728417321528039,6
ReCIRC-TabICL,7,0.12393013100436684,0.1438733706850164,6
ReCIRC-TabICL,8,0.10396135265700482,0.12228348941907785,6
ReCIRC-TabICL,9,0.09020652898067955,0.10733162286033616,6
AA-CRC,0,0.8117169610805711,0.12471059996559143,7
AA-CRC,1,0.6416061402220049,0.18296019706744765,7
AA-CRC,2,0.4827469603136145,0.19134616160005796,7
AA-CRC,3,0.3332395849462627,0.18746098032660846,7
AA-CRC,4,0.2339140526846739,0.16706395942680763,7
AA-CRC,5,0.15871982827902623,0.13573410723897852,7
AA-CRC,6,0.12577531481814758,0.1224396731849279,7
AA-CRC,7,0.10273475857527996,0.1062613961372096,7
AA-CRC,8,0.09420642351469107,0.11233533311704416,7
AA-CRC,9,0.08174579875488766,0.1028971761296636,7
ReCIRC-TabICL,0,0.8587610619469026,0.12321909052609165,7
ReCIRC-TabICL,1,0.7521194879089617,0.16087395542744914,7
ReCIRC-TabICL,2,0.5669773635153128,0.21797347294345315,7
ReCIRC-TabICL,3,0.3932075471698113,0.2368139844586205,7
ReCIRC-TabICL,4,0.28476802284082803,0.23247565874964227,7
ReCIRC-TabICL,5,0.186598334401025,0.19377043345483458,7
ReCIRC-TabICL,6,0.1508456375838926,0.16878868583985868,7
ReCIRC-TabICL,7,0.12610583446404341,0.13657828479083634,7
ReCIRC-TabICL,8,0.10845911949685536,0.116786707810595,7
ReCIRC-TabICL,9,0.08821325648414985,0.09799418054561922,7
AA-CRC,0,0.8045860836257535,0.12976281525219174,8
AA-CRC,1,0.6481932242083509,0.18413195050368492,8
AA-CRC,2,0.48912072295308096,0.19185515828154845,8
AA-CRC,3,0.3483095380773094,0.18837649222617683,8
AA-CRC,4,0.24791892484987627,0.17235788403903182,8
AA-CRC,5,0.17449621524906192,0.14365590331764247,8
AA-CRC,6,0.1329664973569145,0.12451771462374663,8
AA-CRC,7,0.10969664768089148,0.1106135334771493,8
AA-CRC,8,0.09422778782838663,0.10519795540860723,8
AA-CRC,9,0.0899190530832014,0.11516224917971626,8
ReCIRC-TabICL,0,0.8540290620871862,0.11610028098684066,8
ReCIRC-TabICL,1,0.748815028901734,0.15506398233652696,8
ReCIRC-TabICL,2,0.5855111712931618,0.21647064229296378,8
ReCIRC-TabICL,3,0.4195295794725589,0.22992528694854147,8
ReCIRC-TabICL,4,0.2995306585919758,0.222708040528216,8
ReCIRC-TabICL,5,0.21175675675675673,0.1985274037051656,8
ReCIRC-TabICL,6,0.1599140401146132,0.1696076495578797,8
ReCIRC-TabICL,7,0.13515328467153284,0.14451483850319694,8
ReCIRC-TabICL,8,0.11352862849533955,0.12762163793556844,8
ReCIRC-TabICL,9,0.10136721113127647,0.11925689987874598,8
AA-CRC,0,0.799045099306046,0.13613525719600003,9
AA-CRC,1,0.6255659826883195,0.1854975386406836,9
AA-CRC,2,0.4773672559121313,0.18930374305716005,9
AA-CRC,3,0.3360401011302603,0.18210793411843404,9
AA-CRC,4,0.2328934148510088,0.163235737074428,9
AA-CRC,5,0.16550221961084835,0.14231487239534812,9
AA-CRC,6,0.1303395063153975,0.12563182034873013,9
AA-CRC,7,0.11118146388618062,0.10982787608936112,9
AA-CRC,8,0.09691590751562244,0.10767945158264736,9
AA-CRC,9,0.08463882959661528,0.10831725189116491,9
ReCIRC-TabICL,0,0.8533333333333334,0.12533435870724713,9
ReCIRC-TabICL,1,0.7490551776266061,0.16035089775146294,9
ReCIRC-TabICL,2,0.5829066171923314,0.21892120232111875,9
ReCIRC-TabICL,3,0.416629798308393,0.24164549540407532,9
ReCIRC-TabICL,4,0.28368098159509203,0.22730950990228133,9
ReCIRC-TabICL,5,0.18914119359534207,0.19368709780148405,9
ReCIRC-TabICL,6,0.15127799736495393,0.1697764954943408,9
ReCIRC-TabICL,7,0.1254385964912281,0.14238039209866826,9
ReCIRC-TabICL,8,0.11182089552238808,0.12496195544903178,9
ReCIRC-TabICL,9,0.12311901504787962,0.1288871055312256,9
AA-CRC,0,0.8160059335127395,0.12521288693051721,10
AA-CRC,1,0.6426970613779188,0.17612391433252433,10
AA-CRC,2,0.4883106574695526,0.1824340109933067,10
AA-CRC,3,0.3511414728517438,0.1798290096069295,10
AA-CRC,4,0.2436853348734723,0.16524569410913242,10
AA-CRC,5,0.16835900233340484,0.13567520627381177,10
AA-CRC,6,0.13281091643176987,0.1245886518266691,10
AA-CRC,7,0.10778160641411644,0.10379484018416091,10
AA-CRC,8,0.0969474224611991,0.10643613283071053,10
AA-CRC,9,0.09048077351686394,0.10976703395894225,10
ReCIRC-TabICL,0,0.8459849004804392,0.13802959821998492,10
ReCIRC-TabICL,1,0.7389890109890109,0.17853905460272768,10
ReCIRC-TabICL,2,0.5754730203223546,0.2218416193422174,10
ReCIRC-TabICL,3,0.4152508361204013,0.23893784044451993,10
ReCIRC-TabICL,4,0.27743243243243243,0.22835937071068613,10
ReCIRC-TabICL,5,0.1726854219948849,0.1830201329673029,10
ReCIRC-TabICL,6,0.13548216644649935,0.15794983154680217,10
ReCIRC-TabICL,7,0.10855439642324889,0.11453071334298622,10
ReCIRC-TabICL,8,0.09547292889758643,0.10587251908693895,10
ReCIRC-TabICL,9,0.10506424792139078,0.12600036454771762,10
AA-CRC,0,0.8048341092313095,0.1354037909514649,11
AA-CRC,1,0.6146624471803146,0.18695995523310366,11
AA-CRC,2,0.46462570024958033,0.19454889010374904,11
AA-CRC,3,0.33617169063345365,0.18511050410299035,11
AA-CRC,4,0.23933517247042405,0.16689104720264558,11
AA-CRC,5,0.17007618573706323,0.13939351119883725,11
AA-CRC,6,0.13220558847313174,0.12248919538995051,11
AA-CRC,7,0.10667701648219954,0.10725213312304228,11
AA-CRC,8,0.10003256656260122,0.11430001533299416,11
AA-CRC,9,0.09069976924622011,0.10966207211699766,11
ReCIRC-TabICL,0,0.8607138535995161,0.11925448408272539,11
ReCIRC-TabICL,1,0.727288256227758,0.1684168871259686,11
ReCIRC-TabICL,2,0.5786741102581996,0.21555083822310106,11
ReCIRC-TabICL,3,0.41862508858965275,0.23940650198051952,11
ReCIRC-TabICL,4,0.28740851381628085,0.2285913409390425,11
ReCIRC-TabICL,5,0.2011720510894065,0.20192866382575728,11
ReCIRC-TabICL,6,0.1507785336356765,0.1696225370405567,11
ReCIRC-TabICL,7,0.12553137003841228,0.14450633204754793,11
ReCIRC-TabICL,8,0.11169762972453556,0.12855975780492498,11
ReCIRC-TabICL,9,0.09095816464237517,0.10386732234905306,11
AA-CRC,0,0.8056978009814605,0.13353143496639916,12
AA-CRC,1,0.6318720592554202,0.19281093839752467,12
AA-CRC,2,0.48113256225951184,0.19483240850359118,12
AA-CRC,3,0.33931626567678014,0.18739002623808845,12
AA-CRC,4,0.23880874390807968,0.16728606483568795,12
AA-CRC,5,0.1685467526656777,0.141605551203327,12
AA-CRC,6,0.13186581973436787,0.12661847211949318,12
AA-CRC,7,0.10340331139920517,0.10344901444481042,12
AA-CRC,8,0.09440021603049227,0.1118090708602372,12
AA-CRC,9,0.08785866837380367,0.11256263247117558,12
ReCIRC-TabICL,0,0.8434477720964207,0.14398209884802152,12
ReCIRC-TabICL,1,0.7498291182501708,0.16382112112389596,12
ReCIRC-TabICL,2,0.5778050443081119,0.216963823664033,12
ReCIRC-TabICL,3,0.38908366533864547,0.23618219419906492,12
ReCIRC-TabICL,4,0.2625945945945946,0.22019100546957068,12
ReCIRC-TabICL,5,0.1747095010252905,0.17984319808496244,12
ReCIRC-TabICL,6,0.13654450261780104,0.15942500365109144,12
ReCIRC-TabICL,7,0.10639827462257369,0.11766312950924247,12
ReCIRC-TabICL,8,0.09838596491228069,0.10926962538183467,12
ReCIRC-TabICL,9,0.08491477272727273,0.10547373438635277,12
AA-CRC,0,0.8061912371454691,0.13161001284186333,13
AA-CRC,1,0.6685877748977344,0.15989462862751427,13
AA-CRC,2,0.5177490646896415,0.1762432401319702,13
AA-CRC,3,0.3553823625747226,0.17615538138369718,13
AA-CRC,4,0.2524365004690812,0.16404799669339148,13
AA-CRC,5,0.17525855779191918,0.1393914050574759,13
AA-CRC,6,0.13212742674384298,0.1194358808483314,13
AA-CRC,7,0.10763881614418476,0.10469611996980273,13
AA-CRC,8,0.09857476785112759,0.11285634679225216,13
AA-CRC,9,0.08229040041169412,0.10309190606995851,13
ReCIRC-TabICL,0,0.8504817518248174,0.12473821359061474,13
ReCIRC-TabICL,1,0.7576013513513513,0.1629323454301295,13
ReCIRC-TabICL,2,0.6190268886043534,0.20814546165569123,13
ReCIRC-TabICL,3,0.4171499380421314,0.23868559125237437,13
ReCIRC-TabICL,4,0.2815482054890922,0.2222040986780718,13
ReCIRC-TabICL,5,0.18525606469002698,0.18606255414111683,13
ReCIRC-TabICL,6,0.1421326397919376,0.162797801426212,13
ReCIRC-TabICL,7,0.11470049330514447,0.12863501888254925,13
ReCIRC-TabICL,8,0.10296886314265025,0.11608702215723615,13
ReCIRC-TabICL,9,0.08911591355599217,0.09955337882082896,13
AA-CRC,0,0.8034830308593414,0.1391918958947493,14
AA-CRC,1,0.6483657297058771,0.19066531417869792,14
AA-CRC,2,0.48166846158337195,0.20230975826352068,14
AA-CRC,3,0.34736763859051817,0.19713983449697808,14
AA-CRC,4,0.23242848925141277,0.17214100876799082,14
AA-CRC,5,0.15751582024087882,0.13923227499796909,14
AA-CRC,6,0.1289371656926172,0.1313879989212713,14
AA-CRC,7,0.10627000991731424,0.11283983190720799,14
AA-CRC,8,0.09997763981446257,0.12006141778204875,14
AA-CRC,9,0.09472751461926068,0.11685716048798722,14
ReCIRC-TabICL,0,0.8557059961315281,0.1204328158877009,14
ReCIRC-TabICL,1,0.7442523659305993,0.1520695072971811,14
ReCIRC-TabICL,2,0.5648411497730711,0.2201488573578225,14
ReCIRC-TabICL,3,0.3903841059602649,0.23867123501351434,14
ReCIRC-TabICL,4,0.2586330935251798,0.2211351836691243,14
ReCIRC-TabICL,5,0.1647719298245614,0.1708060372760869,14
ReCIRC-TabICL,6,0.13621212121212123,0.1525546613563842,14
ReCIRC-TabICL,7,0.11930485155684287,0.13214252026032022,14
ReCIRC-TabICL,8,0.100741885625966,0.11781133828931811,14
ReCIRC-TabICL,9,0.08216066481994459,0.10102952972555264,14
AA-CRC,0,0.8079587417859629,0.13223959588063738,15
AA-CRC,1,0.6127900684143006,0.19618778188046368,15
AA-CRC,2,0.46281591864227956,0.19664238185903424,15
AA-CRC,3,0.3223898523991326,0.18170275938718028,15
AA-CRC,4,0.23357056459698375,0.16518885434892372,15
AA-CRC,5,0.15910230868039352,0.13560041511567805,15
AA-CRC,6,0.12557145960090854,0.12134433113041608,15
AA-CRC,7,0.10077115712669381,0.10698570487944967,15
AA-CRC,8,0.09299483891726978,0.11233854102012501,15
AA-CRC,9,0.08272002092536439,0.10288471429019835,15
ReCIRC-TabICL,0,0.8677325982081323,0.11738724739012743,15
ReCIRC-TabICL,1,0.7493708165997323,0.16059296199659726,15
ReCIRC-TabICL,2,0.5762078651685393,0.22480753702263648,15
ReCIRC-TabICL,3,0.3989420654911839,0.24609983264106547,15
ReCIRC-TabICL,4,0.2677086494688923,0.22590515977954057,15
ReCIRC-TabICL,5,0.17697902097902096,0.18237698099333785,15
ReCIRC-TabICL,6,0.14309540636042403,0.15650340566890428,15
ReCIRC-TabICL,7,0.12039761431411532,0.1280028615262988,15
ReCIRC-TabICL,8,0.10785249457700652,0.11350691242243535,15
ReCIRC-TabICL,9,0.09513440860215054,0.08973067946668783,15
AA-CRC,0,0.7992001711095632,0.1429382046309612,16
AA-CRC,1,0.6266928459084403,0.191431844521748,16
AA-CRC,2,0.4650247180102324,0.20703259994459666,16
AA-CRC,3,0.33882489831117585,0.19353511932414424,16
AA-CRC,4,0.24533924384306444,0.1733557122270463,16
AA-CRC,5,0.16822879633672516,0.14142915067717507,16
AA-CRC,6,0.13223114079071943,0.12718129255554977,16
AA-CRC,7,0.11235361388614677,0.11381946189641415,16
AA-CRC,8,0.09799112718331629,0.11034329285093589,16
AA-CRC,9,0.08616457945192457,0.10409976617711457,16
ReCIRC-TabICL,0,0.8561606615475488,0.12464585224555019,16
ReCIRC-TabICL,1,0.7246879334257975,0.17463317919183466,16
ReCIRC-TabICL,2,0.5393745656706046,0.234515509190334,16
ReCIRC-TabICL,3,0.3780911435941531,0.24388402431531475,16
ReCIRC-TabICL,4,0.2680683311432326,0.21966065228886394,16
ReCIRC-TabICL,5,0.17791341376863024,0.17634219233657436,16
ReCIRC-TabICL,6,0.13763231197771592,0.14774052637718968,16
ReCIRC-TabICL,7,0.1202045288531775,0.12915622878167846,16
ReCIRC-TabICL,8,0.10442553191489362,0.10940063881739098,16
ReCIRC-TabICL,9,0.10001236858379717,0.1014148510707608,16
AA-CRC,0,0.8070967219768551,0.12606080368961367,17
AA-CRC,1,0.6567238940218773,0.18403377631147,17
AA-CRC,2,0.49949132428496723,0.19505978881184552,17
AA-CRC,3,0.3512202281230175,0.18873542622092804,17
AA-CRC,4,0.25014366294576545,0.17248345281315072,17
AA-CRC,5,0.1744917057612937,0.1422066527593184,17
AA-CRC,6,0.13892600072091799,0.129663436458313,17
AA-CRC,7,0.11397869525657646,0.11136982698986267,17
AA-CRC,8,0.10524221037884324,0.11901736962847861,17
AA-CRC,9,0.08384522786783499,0.10390541945909379,17
ReCIRC-TabICL,0,0.8537674418604652,0.135459200817615,17
ReCIRC-TabICL,1,0.7376876876876877,0.18117583514862115,17
ReCIRC-TabICL,2,0.5876137931034483,0.21822093158577635,17
ReCIRC-TabICL,3,0.4137593473827329,0.2328085123124765,17
ReCIRC-TabICL,4,0.28200000000000003,0.21703231793220804,17
ReCIRC-TabICL,5,0.18523809523809526,0.182765560730036,17
ReCIRC-TabICL,6,0.14339006126616746,0.16186354651011509,17
ReCIRC-TabICL,7,0.11615833874107723,0.13174133842519994,17
ReCIRC-TabICL,8,0.10028643639427127,0.11308160569447803,17
ReCIRC-TabICL,9,0.08875724404378621,0.09742896261688838,17
AA-CRC,0,0.7991468016016579,0.1335162059934791,18
AA-CRC,1,0.6304133030768921,0.18656679552323527,18
AA-CRC,2,0.47192927758789216,0.1947945020420746,18
AA-CRC,3,0.33527643056599643,0.19067844016382599,18
AA-CRC,4,0.24548051802761506,0.17392877050305894,18
AA-CRC,5,0.17715515599034612,0.14838645144950366,18
AA-CRC,6,0.13329781723646972,0.1250388099654898,18
AA-CRC,7,0.11286836821875447,0.10987341823525193,18
AA-CRC,8,0.10277974487692278,0.11070659844747115,18
AA-CRC,9,0.09305073450776194,0.10054308789762773,18
ReCIRC-TabICL,0,0.8703772241992883,0.10581761005948218,18
ReCIRC-TabICL,1,0.7578181818181818,0.14759515770685838,18
ReCIRC-TabICL,2,0.5783711615487316,0.21150870352069662,18
ReCIRC-TabICL,3,0.40812749003984067,0.23551503213136007,18
ReCIRC-TabICL,4,0.2955114054451803,0.22595300515710304,18
ReCIRC-TabICL,5,0.2104225352112676,0.20332889210686142,18
ReCIRC-TabICL,6,0.15781637717121585,0.16870017166669946,18
ReCIRC-TabICL,7,0.13471836137527435,0.14612844849479126,18
ReCIRC-TabICL,8,0.11855614973262033,0.12627129270177173,18
ReCIRC-TabICL,9,0.08888888888888888,0.08677724344494,18
AA-CRC,0,0.811323201788627,0.12591722689508486,19
AA-CRC,1,0.6411006470219207,0.16728997765355874,19
AA-CRC,2,0.484261555084414,0.176828336563827,19
AA-CRC,3,0.34276048539139026,0.17758965878644126,19
AA-CRC,4,0.24265571136661163,0.16162734411881588,19
AA-CRC,5,0.16404410305397893,0.13353821234183183,19
AA-CRC,6,0.13384109348080467,0.12336204330072459,19
AA-CRC,7,0.10918808655497146,0.10569972693809913,19
AA-CRC,8,0.1019687468236116,0.11144223464301736,19
AA-CRC,9,0.09454108554746617,0.11151338090705094,19
ReCIRC-TabICL,0,0.8516282527881042,0.1350041555918142,19
ReCIRC-TabICL,1,0.7512594458438288,0.16318361555495428,19
ReCIRC-TabICL,2,0.5789684813753582,0.2117415076343958,19
ReCIRC-TabICL,3,0.39103400416377515,0.23419441162940405,19
ReCIRC-TabICL,4,0.27506527415143606,0.21885933444091946,19
ReCIRC-TabICL,5,0.17950196592398432,0.18078977294464862,19
ReCIRC-TabICL,6,0.1508454810495627,0.15957720021805533,19
ReCIRC-TabICL,7,0.13035608308605343,0.13365726652984672,19
ReCIRC-TabICL,8,0.11820343461030383,0.12246238832226468,19
ReCIRC-TabICL,9,0.10700973574408901,0.11327143745097927,19
