method,bin,n,conditional_risk,mean_set_size,trial
CRC marginal,0,1348,0.0025593471810089023,3.698813056379822,0
CRC marginal,1,1381,0.005346367366642529,3.5981173062997827,0
CRC marginal,2,1462,0.021642726858185135,3.9842681258549932,0
CRC marginal,3,1511,0.051980712867542786,4.217736598279285,0
CRC marginal,4,1494,0.10521689934340538,4.421017402945114,0
CRC marginal,5,1505,0.1493703527922797,4.616611295681063,0
CRC marginal,6,1479,0.17718616182105026,4.95605138607167,0
CRC marginal,7,1452,0.1776884100747737,5.488980716253444,0
CRC marginal,8,1464,0.17552151097233065,6.151639344262295,0
CRC marginal,9,1404,0.16362462126351016,7.669515669515669,0
AA-CRC,0,1348,0.1076162215628091,2.7781899109792283,0
AA-CRC,1,1381,0.06420468259715184,2.5097755249818974,0
AA-CRC,2,1462,0.07626946127288124,2.914500683994528,0
AA-CRC,3,1511,0.10591219942642843,4.27928524156188,0
AA-CRC,4,1494,0.12999776885319056,8.17871485943775,0
AA-CRC,5,1505,0.1416168327796235,10.114950166112957,0
AA-CRC,6,1479,0.10874491559075739,15.570655848546314,0
AA-CRC,7,1452,0.09139145786873058,21.28236914600551,0
AA-CRC,8,1464,0.0803509085783676,31.33948087431694,0
AA-CRC,9,1404,0.07925243480799035,40.1559829059829,0
ReCIRC-TabICL,0,1348,0.07143916913946588,2.876854599406528,0
ReCIRC-TabICL,1,1381,0.10104996379435192,2.4207096307023894,0
ReCIRC-TabICL,2,1462,0.12624340433847958,2.869357045143639,0
ReCIRC-TabICL,3,1511,0.12616526425262362,6.28590337524818,0
ReCIRC-TabICL,4,1494,0.10679145152036719,12.997991967871487,0
ReCIRC-TabICL,5,1505,0.09998655276063914,19.57607973421927,0
ReCIRC-TabICL,6,1479,0.0850228597186001,24.99188640973631,0
ReCIRC-TabICL,7,1452,0.09538239538239537,25.081955922865014,0
ReCIRC-TabICL,8,1464,0.09285687180154392,23.51502732240437,0
ReCIRC-TabICL,9,1404,0.09285878730323176,22.262820512820515,0
CRC marginal,0,1331,0.0032807412972702234,3.760330578512397,1
CRC marginal,1,1676,0.005350039777247413,3.7577565632458234,1
CRC marginal,2,1467,0.02074771967410004,4.157464212678937,1
CRC marginal,3,1541,0.057110410679521655,4.4594419208306295,1
CRC marginal,4,1561,0.10525685610567097,4.654708520179372,1
CRC marginal,5,1399,0.1495583580108241,4.951393852751965,1
CRC marginal,6,1266,0.16188971639208607,5.229857819905213,1
CRC marginal,7,1387,0.17416772524919605,5.773612112472963,1
CRC marginal,8,1514,0.16029151202532974,6.440554821664465,1
CRC marginal,9,1358,0.14959252210724966,8.003681885125184,1
AA-CRC,0,1331,0.09326321061858252,2.829451540195342,1
AA-CRC,1,1676,0.05407385308936623,2.525656324582339,1
AA-CRC,2,1467,0.07525481221800241,3.0518064076346283,1
AA-CRC,3,1541,0.10921634065696363,5.079818299805321,1
AA-CRC,4,1561,0.1257062017632165,8.19859064702114,1
AA-CRC,5,1399,0.12569352258415875,11.036454610436026,1
AA-CRC,6,1266,0.10509478672985782,16.294628751974724,1
AA-CRC,7,1387,0.09750317574758814,23.452775775054075,1
AA-CRC,8,1514,0.08356581954666498,29.79326287978864,1
AA-CRC,9,1358,0.0762804246972141,38.891752577319586,1
ReCIRC-TabICL,0,1331,0.07838717756073128,3.11419984973704,1
ReCIRC-TabICL,1,1676,0.10121486343145054,2.421837708830549,1
ReCIRC-TabICL,2,1467,0.11804865777258415,3.5194274028629855,1
ReCIRC-TabICL,3,1541,0.11274064460307161,8.340687865022712,1
ReCIRC-TabICL,4,1561,0.09690827003447118,14.777065983344011,1
ReCIRC-TabICL,5,1399,0.0999965962081759,21.2566118656183,1
ReCIRC-TabICL,6,1266,0.09361506055818854,23.174565560821485,1
ReCIRC-TabICL,7,1387,0.10542308968768956,24.62220620043259,1
ReCIRC-TabICL,8,1514,0.09862736155668783,25.12021136063408,1
ReCIRC-TabICL,9,1358,0.0893281383156199,24.594256259204712,1
CRC marginal,0,1451,0.004284401562141053,3.7064093728463128,2
CRC marginal,1,1429,0.0054933519944016795,3.6613016095171447,2
CRC marginal,2,1320,0.019867424242424242,4.032575757575757,2
CRC marginal,3,1508,0.0532477579891373,4.281167108753316,2
CRC marginal,4,1585,0.09965299684542588,4.493375394321767,2
CRC marginal,5,1528,0.1524269197207679,4.7113874345549736,2
CRC marginal,6,1413,0.17740398117255868,5.092002830856334,2
CRC marginal,7,1513,0.17232582171445354,5.571711830799735,2
CRC marginal,8,1325,0.16547229709493863,6.264150943396227,2
CRC marginal,9,1428,0.1607924482924483,7.74859943977591,2
AA-CRC,0,1451,0.10235469790948772,2.7891109579600277,2
AA-CRC,1,1429,0.07523909493818522,2.4597620713785866,2
AA-CRC,2,1320,0.07989087301587301,2.69469696969697,2
AA-CRC,3,1508,0.10458349122142227,4.0331564986737405,2
AA-CRC,4,1585,0.12865780381553252,6.8195583596214515,2
AA-CRC,5,1528,0.1348432435801546,10.527486910994764,2
AA-CRC,6,1413,0.11154472640672217,15.469922151450813,2
AA-CRC,7,1513,0.09556279440615197,21.834104428288168,2
AA-CRC,8,1325,0.08238125187181793,29.553207547169812,2
AA-CRC,9,1428,0.07715793388062296,38.67717086834734,2
ReCIRC-TabICL,0,1451,0.07567195037904893,2.8587181254307374,2
ReCIRC-TabICL,1,1429,0.10622813156053185,2.3883834849545136,2
ReCIRC-TabICL,2,1320,0.12414231601731603,2.6787878787878787,2
ReCIRC-TabICL,3,1508,0.11544461285840596,6.069628647214854,2
ReCIRC-TabICL,4,1585,0.11018026137899956,12.72365930599369,2
ReCIRC-TabICL,5,1528,0.10289516330092247,17.970549738219894,2
ReCIRC-TabICL,6,1413,0.09769571664476125,20.884642604387828,2
ReCIRC-TabICL,7,1513,0.09827159328150735,22.60674157303371,2
ReCIRC-TabICL,8,1325,0.07710332434860737,23.365283018867924,2
ReCIRC-TabICL,9,1428,0.07874859539775506,29.032212885154063,2
CRC marginal,0,1534,0.003857018687527162,3.7366362451108213,3
CRC marginal,1,1522,0.0048401226456416995,3.806833114323259,3
CRC marginal,2,1550,0.023437019969278033,4.198709677419354,3
CRC marginal,3,1635,0.05947866608417068,4.518654434250765,3
CRC marginal,4,1484,0.1066326530612245,4.713611859838275,3
CRC marginal,5,1264,0.14814741561181435,5.049841772151899,3
CRC marginal,6,1489,0.16278129563891822,5.343183344526528,3
CRC marginal,7,1345,0.16556293149229953,5.897397769516728,3
CRC marginal,8,1428,0.15734793917567028,6.602941176470588,3
CRC marginal,9,1249,0.1520347302372923,8.133706965572458,3
AA-CRC,0,1534,0.10621468926553673,2.74380704041721,3
AA-CRC,1,1522,0.07262374069207185,2.4796320630749014,3
AA-CRC,2,1550,0.08116205837173579,3.0438709677419356,3
AA-CRC,3,1635,0.1090490752876074,5.3584097859327215,3
AA-CRC,4,1484,0.12316775766910538,8.81266846361186,3
AA-CRC,5,1264,0.12888034960819772,12.162183544303797,3
AA-CRC,6,1489,0.10844713081113351,17.5392881128274,3
AA-CRC,7,1345,0.10072667728801558,22.274349442379183,3
AA-CRC,8,1428,0.08787125961495709,28.941176470588236,3
AA-CRC,9,1249,0.08780981495152833,36.244995996797435,3
ReCIRC-TabICL,0,1534,0.06713385484571927,2.8591916558018253,3
ReCIRC-TabICL,1,1522,0.0863994743758213,2.4553219448094614,3
ReCIRC-TabICL,2,1550,0.10564285714285716,3.910322580645161,3
ReCIRC-TabICL,3,1635,0.11004659967962721,8.808562691131499,3
ReCIRC-TabICL,4,1484,0.09796720575022463,19.269541778975743,3
ReCIRC-TabICL,5,1264,0.09883777878239904,24.255537974683545,3
ReCIRC-TabICL,6,1489,0.0940500175893057,27.278710543989256,3
ReCIRC-TabICL,7,1345,0.09754882870124505,29.443122676579925,3
ReCIRC-TabICL,8,1428,0.08801715130496643,26.66736694677871,3
ReCIRC-TabICL,9,1249,0.08321271736003522,24.529223378702962,3
CRC marginal,0,1425,0.004187134502923977,3.7733333333333334,4
CRC marginal,1,1452,0.005027548209366392,3.821625344352617,4
CRC marginal,2,1529,0.018096172412719175,4.287769784172662,4
CRC marginal,3,1393,0.04861552661265511,4.5340990667623835,4
CRC marginal,4,1418,0.09371012156625697,4.765867418899859,4
CRC marginal,5,1477,0.1394025856788213,5.051455653351388,4
CRC marginal,6,1558,0.15217464392689042,5.456996148908858,4
CRC marginal,7,1362,0.15508909633358972,5.989720998531571,4
CRC marginal,8,1402,0.14818796277426804,6.634094151212554,4
CRC marginal,9,1484,0.1440003131040867,8.107816711590296,4
AA-CRC,0,1425,0.08852631578947369,2.816842105263158,4
AA-CRC,1,1452,0.07486991123354761,2.458677685950413,4
AA-CRC,2,1529,0.07209037964433648,2.8580771746239373,4
AA-CRC,3,1393,0.09388438792602469,5.094759511844939,4
AA-CRC,4,1418,0.11964705487272484,8.198871650211565,4
AA-CRC,5,1477,0.12990295644324082,11.159783344617468,4
AA-CRC,6,1558,0.11276616337591949,15.012836970474968,4
AA-CRC,7,1362,0.0974672517073398,21.38105726872247,4
AA-CRC,8,1402,0.08583174829608496,29.11768901569187,4
AA-CRC,9,1484,0.0797143314158139,39.301886792452834,4
ReCIRC-TabICL,0,1425,0.07374269005847954,2.8596491228070176,4
ReCIRC-TabICL,1,1452,0.10335169880624426,2.397382920110193,4
ReCIRC-TabICL,2,1529,0.11654053380672087,3.6500981033355133,4
ReCIRC-TabICL,3,1393,0.10559087956790757,8.715721464465183,4
ReCIRC-TabICL,4,1418,0.09109913358855531,15.409732016925247,4
ReCIRC-TabICL,5,1477,0.0949285875487636,20.12186865267434,4
ReCIRC-TabICL,6,1558,0.0918500519591662,24.80359435173299,4
ReCIRC-TabICL,7,1362,0.0977434561685663,23.549192364170338,4
ReCIRC-TabICL,8,1402,0.08405311006951521,27.361626248216833,4
ReCIRC-TabICL,9,1484,0.0655777548297764,31.62533692722372,4
CRC marginal,0,1490,0.0038590604026845637,3.748322147651007,5
CRC marginal,1,1361,0.004004408523144746,3.7105069801616457,5
CRC marginal,2,1489,0.01961207585787841,4.128274009402284,5
CRC marginal,3,1550,0.05427035330261137,4.403225806451613,5
CRC marginal,4,1267,0.0951309805690232,4.573007103393843,5
CRC marginal,5,1413,0.13775738887203853,4.858457183297948,5
CRC marginal,6,1431,0.1600021629895844,5.199860237596087,5
CRC marginal,7,1568,0.17074197238419175,5.707908163265306,5
CRC marginal,8,1541,0.16291008724493478,6.397144711226476,5
CRC marginal,9,1390,0.15179064540575332,7.958273381294964,5
AA-CRC,0,1490,0.10538031319910514,2.7651006711409396,5
AA-CRC,1,1361,0.0677687974528533,2.476120499632623,5
AA-CRC,2,1489,0.07576353577025169,2.6608462055070516,5
AA-CRC,3,1550,0.09921198156682029,4.2296774193548385,5
AA-CRC,4,1267,0.11159751193294998,7.832675611681137,5
AA-CRC,5,1413,0.12345398173423652,11.148619957537155,5
AA-CRC,6,1431,0.10764727740618725,15.64430468204053,5
AA-CRC,7,1568,0.0923350441367023,23.213010204081634,5
AA-CRC,8,1541,0.08115684517371734,30.612589227774173,5
AA-CRC,9,1390,0.08591965388727979,37.67841726618705,5
ReCIRC-TabICL,0,1490,0.09220357941834452,2.8697986577181207,5
ReCIRC-TabICL,1,1361,0.09812637766348274,2.405584129316679,5
ReCIRC-TabICL,2,1489,0.1045076593431194,3.2538616521155137,5
ReCIRC-TabICL,3,1550,0.08983563748079879,8.712903225806452,5
ReCIRC-TabICL,4,1267,0.09118840906528358,16.685082872928177,5
ReCIRC-TabICL,5,1413,0.0762056414922657,23.480537862703468,5
ReCIRC-TabICL,6,1431,0.08449413774361364,25.60866526904263,5
ReCIRC-TabICL,7,1568,0.09117923955296404,24.676658163265305,5
ReCIRC-TabICL,8,1541,0.0909788531462769,24.399740428293317,5
ReCIRC-TabICL,9,1390,0.07155810416601784,33.22446043165468,5
CRC marginal,0,1491,0.0040576794097920855,3.7176391683433936,6
CRC marginal,1,1725,0.005816425120772946,3.7292753623188406,6
CRC marginal,2,1445,0.02637419673751854,4.111418685121107,6
CRC marginal,3,1395,0.06417989417989418,4.402867383512545,6
CRC marginal,4,1314,0.10173044864825687,4.569254185692542,6
CRC marginal,5,1397,0.1449986365340696,4.805297065139585,6
CRC marginal,6,1409,0.1713477418409995,5.107168204400284,6
CRC marginal,7,1374,0.17253182689863913,5.651382823871907,6
CRC marginal,8,1449,0.16616385684708665,6.246376811594203,6
CRC marginal,9,1501,0.15710514779468812,7.818787475016656,6
AA-CRC,0,1491,0.10689693717862733,2.759892689470154,6
AA-CRC,1,1725,0.06416425120772946,2.5014492753623188,6
AA-CRC,2,1445,0.07757867853023563,3.5633217993079587,6
AA-CRC,3,1395,0.10291858678955454,6.108243727598566,6
AA-CRC,4,1314,0.11217474813365225,8.868340943683409,6
AA-CRC,5,1397,0.12775164468077854,11.175375805297065,6
AA-CRC,6,1409,0.1096944810571496,15.359829666430093,6
AA-CRC,7,1374,0.09284356877151637,21.383551673944687,6
AA-CRC,8,1449,0.09147222496083779,28.52104899930987,6
AA-CRC,9,1501,0.07859695268089673,38.932711525649566,6
ReCIRC-TabICL,0,1491,0.08188016990833893,2.8430583501006037,6
ReCIRC-TabICL,1,1725,0.1090144927536232,2.3878260869565215,6
ReCIRC-TabICL,2,1445,0.11861674081397267,3.842214532871972,6
ReCIRC-TabICL,3,1395,0.11886499402628435,9.12258064516129,6
ReCIRC-TabICL,4,1314,0.09200460244980793,16.289954337899545,6
ReCIRC-TabICL,5,1397,0.09412857483723626,21.084466714387975,6
ReCIRC-TabICL,6,1409,0.08638176349319004,26.5805535841022,6
ReCIRC-TabICL,7,1374,0.09370306832097225,25.728529839883553,6
ReCIRC-TabICL,8,1449,0.0881302923745988,27.494824016563147,6
ReCIRC-TabICL,9,1501,0.07851018993590611,28.80879413724184,6
CRC marginal,0,1469,0.003891536192421148,3.701837985023826,7
CRC marginal,1,1406,0.005464675201517307,3.62375533428165,7
CRC marginal,2,1502,0.019365449242280133,4.040612516644474,7
CRC marginal,3,1537,0.05387117761873781,4.320754716981132,7
CRC marginal,4,1401,0.10643757860031952,4.4653818700927905,7
CRC marginal,5,1561,0.1528820048198652,4.7514413837283795,7
CRC marginal,6,1490,0.17678358367955685,5.063087248322148,7
CRC marginal,7,1474,0.17426369236070732,5.619402985074627,7
CRC marginal,8,1272,0.16776854347609066,6.284591194968553,7
CRC marginal,9,1388,0.16117322878850257,7.763688760806916,7
AA-CRC,0,1469,0.09725436805082824,2.791695030633084,7
AA-CRC,1,1406,0.06209103840682789,2.4900426742532007,7
AA-CRC,2,1502,0.07418917633631349,2.808255659121172,7
AA-CRC,3,1537,0.09457663351612604,5.338972023422251,7
AA-CRC,4,1401,0.10769603344549812,9.212705210563882,7
AA-CRC,5,1561,0.11784112748238308,11.90198590647021,7
AA-CRC,6,1490,0.10034995206136148,18.757718120805368,7
AA-CRC,7,1474,0.09282699058818462,24.583446404341927,7
AA-CRC,8,1272,0.07528825995807127,33.235849056603776,7
AA-CRC,9,1388,0.07233767273392634,42.60590778097983,7
ReCIRC-TabICL,0,1469,0.0771783526208305,2.8611300204220558,7
ReCIRC-TabICL,1,1406,0.10119329856171962,2.4864864864864864,7
ReCIRC-TabICL,2,1502,0.11016343288313996,3.1684420772303596,7
ReCIRC-TabICL,3,1537,0.10919540229885058,6.630448926480156,7
ReCIRC-TabICL,4,1401,0.10376856667006559,14.29621698786581,7
ReCIRC-TabICL,5,1561,0.09762896189866081,20.203074951953877,7
ReCIRC-TabICL,6,1490,0.09128608714179183,24.83489932885906,7
ReCIRC-TabICL,7,1474,0.10324836854687601,23.48439620081411,7
ReCIRC-TabICL,8,1272,0.0913094614155935,23.5251572327044,7
ReCIRC-TabICL,9,1388,0.07372073971497603,27.59077809798271,7
CRC marginal,0,1514,0.004370321444297666,3.6829590488771466,8
CRC marginal,1,1384,0.0049735067437379574,3.6076589595375723,8
CRC marginal,2,1477,0.022040332720766033,4.007447528774543,8
CRC marginal,3,1403,0.05363167362454604,4.242337847469708,8
CRC marginal,4,1321,0.1071023034497675,4.436033308099924,8
CRC marginal,5,1480,0.15036277348777352,4.647297297297297,8
CRC marginal,6,1396,0.1770261972984036,4.911174785100287,8
CRC marginal,7,1370,0.18127273780558453,5.333576642335767,8
CRC marginal,8,1502,0.1716098112569484,6.003994673768309,8
CRC marginal,9,1653,0.16246282285302246,7.5462794918330305,8
AA-CRC,0,1514,0.10052840158520475,2.7813738441215325,8
AA-CRC,1,1384,0.07893384714193963,2.435693641618497,8
AA-CRC,2,1477,0.08107570042234905,2.9011509817197023,8
AA-CRC,3,1403,0.10123035671859622,4.688524590163935,8
AA-CRC,4,1321,0.11873130024151977,9.131718395155186,8
AA-CRC,5,1480,0.13247747747747748,11.68445945945946,8
AA-CRC,6,1396,0.1100894846955019,15.759312320916905,8
AA-CRC,7,1370,0.09480419418375624,22.146715328467153,8
AA-CRC,8,1502,0.08825666307357387,28.416777629826896,8
AA-CRC,9,1653,0.08139693538967585,39.724137931034484,8
ReCIRC-TabICL,0,1514,0.07728423601937473,2.844782034346103,8
ReCIRC-TabICL,1,1384,0.0987917469492614,2.411849710982659,8
ReCIRC-TabICL,2,1477,0.11025163619950352,3.104942450914015,8
ReCIRC-TabICL,3,1403,0.11691952618538506,5.610833927298645,8
ReCIRC-TabICL,4,1321,0.11675408240510439,10.81226343679031,8
ReCIRC-TabICL,5,1480,0.11276785714285714,16.653378378378378,8
ReCIRC-TabICL,6,1396,0.10987771182971758,21.556590257879655,8
ReCIRC-TabICL,7,1370,0.11061638280616383,22.854014598540147,8
ReCIRC-TabICL,8,1502,0.09604416333777185,25.181757656458057,8
ReCIRC-TabICL,9,1653,0.08944138472269145,27.55111917725348,8
CRC marginal,0,1494,0.003792949576082106,3.7095046854083,9
CRC marginal,1,1323,0.004862685815066768,3.7052154195011338,9
CRC marginal,2,1617,0.020554672085284335,4.087198515769944,9
CRC marginal,3,1537,0.060096973076803915,4.400130123617436,9
CRC marginal,4,1467,0.10229899048917454,4.543285616905249,9
CRC marginal,5,1374,0.14873501074374437,4.837700145560407,9
CRC marginal,6,1518,0.16924864587908067,5.17193675889328,9
CRC marginal,7,1368,0.16784902069989788,5.670321637426901,9
CRC marginal,8,1340,0.1617309286898839,6.332089552238806,9
CRC marginal,9,1462,0.16259398755978782,7.813269493844049,9
AA-CRC,0,1494,0.09977688531905402,2.7784471218206157,9
AA-CRC,1,1323,0.06160241874527589,2.495086923658352,9
AA-CRC,2,1617,0.07186760707168871,2.9165120593692024,9
AA-CRC,3,1537,0.10008210180623976,4.85035783994795,9
AA-CRC,4,1467,0.11049680267471677,8.349011588275392,9
AA-CRC,5,1374,0.12644520690372218,10.927947598253276,9
AA-CRC,6,1518,0.10397871050044963,16.258234519104086,9
AA-CRC,7,1368,0.09592586791051703,21.494883040935672,9
AA-CRC,8,1340,0.08820184790334044,26.736567164179103,9
AA-CRC,9,1462,0.07579118328092337,39.87619699042408,9
ReCIRC-TabICL,0,1494,0.08462739848282017,2.963855421686747,9
ReCIRC-TabICL,1,1323,0.11272360796170322,2.3915343915343916,9
ReCIRC-TabICL,2,1617,0.12700940405022038,3.5089672232529376,9
ReCIRC-TabICL,3,1537,0.11747529200359391,8.055953155497722,9
ReCIRC-TabICL,4,1467,0.10588421462654592,15.761417859577369,9
ReCIRC-TabICL,5,1374,0.10304203923199556,22.11863173216885,9
ReCIRC-TabICL,6,1518,0.09317397578267145,25.675889328063242,9
ReCIRC-TabICL,7,1368,0.09939402905411679,24.735380116959064,9
ReCIRC-TabICL,8,1340,0.09480721393034826,25.094776119402987,9
ReCIRC-TabICL,9,1462,0.12030587781271777,20.58686730506156,9
CRC marginal,0,1457,0.003466026080988332,3.7254632807137953,10
CRC marginal,1,1365,0.0032478632478632474,3.6476190476190475,10
CRC marginal,2,1427,0.019168585443988386,4.06447091800981,10
CRC marginal,3,1495,0.05460582895365504,4.309698996655518,10
CRC marginal,4,1480,0.09921010296010296,4.535135135135135,10
CRC marginal,5,1564,0.14477606259895262,4.781969309462916,10
CRC marginal,6,1514,0.17256977207439558,5.079260237780713,10
CRC marginal,7,1342,0.17382844841861234,5.630402384500745,10
CRC marginal,8,1533,0.1678058894790793,6.293542074363992,10
CRC marginal,9,1323,0.15893927396194968,7.891912320483749,10
AA-CRC,0,1457,0.11426447037291239,2.74468085106383,10
AA-CRC,1,1365,0.057643467643467644,2.4886446886446887,10
AA-CRC,2,1427,0.07674525311175627,2.7042747021723894,10
AA-CRC,3,1495,0.10728619206880079,4.798662207357859,10
AA-CRC,4,1480,0.11294079794079794,8.743243243243244,10
AA-CRC,5,1564,0.13085951772013152,10.691176470588236,10
AA-CRC,6,1514,0.10679189993919189,15.445838837516513,10
AA-CRC,7,1342,0.10069784496014005,19.934426229508198,10
AA-CRC,8,1533,0.08838101450625913,27.348988910632745,10
AA-CRC,9,1323,0.0845822712602758,37.01284958427816,10
ReCIRC-TabICL,0,1457,0.0752745367192862,2.9313658201784487,10
ReCIRC-TabICL,1,1365,0.09236874236874237,2.4256410256410255,10
ReCIRC-TabICL,2,1427,0.11448676877899025,2.779957953749124,10
ReCIRC-TabICL,3,1495,0.11525242873068961,6.147157190635451,10
ReCIRC-TabICL,4,1480,0.09235762548262548,14.94054054054054,10
ReCIRC-TabICL,5,1564,0.08534816100353185,22.50831202046036,10
ReCIRC-TabICL,6,1514,0.08411361682497746,26.964993394980183,10
ReCIRC-TabICL,7,1342,0.09363039055662006,24.016393442622952,10
ReCIRC-TabICL,8,1533,0.08342160303999833,23.898891063274625,10
ReCIRC-TabICL,9,1323,0.09209839459272566,24.37490551776266,10
CRC marginal,0,1653,0.0036095987094172215,3.7683000604960677,11
CRC marginal,1,1405,0.005765124555160142,3.893950177935943,11
CRC marginal,2,1433,0.01978533213704184,4.274947662247034,11
CRC marginal,3,1411,0.04837670007762141,4.552090715804394,11
CRC marginal,4,1339,0.09808314662683595,4.810306198655713,11
CRC marginal,5,1331,0.13485832349468713,5.022539444027047,11
CRC marginal,6,1323,0.15763236511535833,5.389266817838246,11
CRC marginal,7,1562,0.15778026746336607,5.84955185659411,11
CRC marginal,8,1561,0.14472712851956926,6.6047405509288915,11
CRC marginal,9,1482,0.145370516423148,8.149797570850202,11
AA-CRC,0,1653,0.09498890905424481,2.7416817906836055,11
AA-CRC,1,1405,0.05851720047449585,2.5231316725978647,11
AA-CRC,2,1433,0.07188382680357558,3.1088625261688763,11
AA-CRC,3,1411,0.10578448246768586,4.743444365698086,11
AA-CRC,4,1339,0.12225897080266013,8.540702016430172,11
AA-CRC,5,1331,0.12985134700010734,10.046581517655898,11
AA-CRC,6,1323,0.11594050318540115,14.63416477702192,11
AA-CRC,7,1562,0.09333704245676078,21.846350832266324,11
AA-CRC,8,1561,0.08149054838676875,28.094170403587444,11
AA-CRC,9,1482,0.07850886929834298,37.33670715249663,11
ReCIRC-TabICL,0,1653,0.09055253075216778,2.8868723532970355,11
ReCIRC-TabICL,1,1405,0.09733886911822856,2.420640569395018,11
ReCIRC-TabICL,2,1433,0.10813810520719105,3.3258897418004185,11
ReCIRC-TabICL,3,1411,0.11757618710134658,6.291991495393338,11
ReCIRC-TabICL,4,1339,0.11092410825420534,14.016430171769978,11
ReCIRC-TabICL,5,1331,0.10269578905942542,19.816679188580014,11
ReCIRC-TabICL,6,1323,0.09118435734081994,25.54724111866969,11
ReCIRC-TabICL,7,1562,0.09322729305123671,25.833546734955185,11
ReCIRC-TabICL,8,1561,0.08559404329743857,25.42088404868674,11
ReCIRC-TabICL,9,1482,0.08216269597848545,23.09919028340081,11
CRC marginal,0,1369,0.003445337229121013,3.7509130752373996,12
CRC marginal,1,1463,0.003953064479380269,3.740943267259057,12
CRC marginal,2,1467,0.019627844321095853,4.158145875937287,12
CRC marginal,3,1506,0.048072788212230454,4.461487383798141,12
CRC marginal,4,1480,0.09740186615186616,4.646621621621621,12
CRC marginal,5,1463,0.14354636591478698,4.9480519480519485,12
CRC marginal,6,1528,0.156304537521815,5.289267015706806,12
CRC marginal,7,1391,0.1645016717446624,5.803738317757009,12
CRC marginal,8,1425,0.1605602896129212,6.496842105263158,12
CRC marginal,9,1408,0.14933373917748918,8.025568181818182,12
AA-CRC,0,1369,0.08938397857316777,2.8151935719503287,12
AA-CRC,1,1463,0.0633857370699476,2.4935064935064934,12
AA-CRC,2,1467,0.07527915733437206,2.7321063394683027,12
AA-CRC,3,1506,0.0944918737747423,4.561088977423639,12
AA-CRC,4,1480,0.11493886743886744,7.612837837837838,12
AA-CRC,5,1463,0.13075220518829542,11.082706766917294,12
AA-CRC,6,1528,0.09857111692844678,16.216623036649214,12
AA-CRC,7,1391,0.08902097383405795,22.835370237239395,12
AA-CRC,8,1425,0.08305959342801447,29.19298245614035,12
AA-CRC,9,1408,0.06975474612193362,42.08735795454545,12
ReCIRC-TabICL,0,1369,0.06708059410762114,3.182615047479912,12
ReCIRC-TabICL,1,1463,0.09162679425837321,2.512645249487355,12
ReCIRC-TabICL,2,1467,0.10421251663582953,3.225630538513974,12
ReCIRC-TabICL,3,1506,0.09817713273888573,7.882470119521912,12
ReCIRC-TabICL,4,1480,0.09225627413127413,16.271621621621623,12
ReCIRC-TabICL,5,1463,0.09277983920841065,22.797676008202323,12
ReCIRC-TabICL,6,1528,0.07648108327100474,28.43128272251309,12
ReCIRC-TabICL,7,1391,0.08191634429952188,28.872034507548527,12
ReCIRC-TabICL,8,1425,0.07659983291562239,29.347368421052632,12
ReCIRC-TabICL,9,1408,0.06361929973435655,34.34588068181818,12
CRC marginal,0,1370,0.003868613138686131,3.697080291970803,13
CRC marginal,1,1184,0.00411036036036036,3.60472972972973,13
CRC marginal,2,1562,0.016160599963416865,3.9046094750320104,13
CRC marginal,3,1614,0.05227252611081608,4.216232961586122,13
CRC marginal,4,1421,0.09792651050568009,4.362420830401126,13
CRC marginal,5,1484,0.14916570401745605,4.618598382749326,13
CRC marginal,6,1538,0.1839830123640267,4.88296488946684,13
CRC marginal,7,1419,0.18577133460854392,5.3840732910500355,13
CRC marginal,8,1381,0.17909439904371116,6.01448225923244,13
CRC marginal,9,1527,0.16582430158068664,7.566470203012443,13
AA-CRC,0,1370,0.09306569343065695,2.8233576642335767,13
AA-CRC,1,1184,0.07108671171171171,2.5076013513513513,13
AA-CRC,2,1562,0.07771782208401927,2.5806658130601794,13
AA-CRC,3,1614,0.10224302236384022,4.0799256505576205,13
AA-CRC,4,1421,0.12168157903555511,6.6586910626319495,13
AA-CRC,5,1484,0.12762081247593376,9.341644204851752,13
AA-CRC,6,1538,0.11773226412368155,13.972041612483745,13
AA-CRC,7,1419,0.10508042775484636,20.58139534883721,13
AA-CRC,8,1381,0.0897141477880073,28.44967414916727,13
AA-CRC,9,1527,0.07567973211391679,40.74787164374591,13
ReCIRC-TabICL,0,1370,0.06546228710462287,2.972992700729927,13
ReCIRC-TabICL,1,1184,0.10073198198198198,2.4552364864864864,13
ReCIRC-TabICL,2,1562,0.11773824766782516,2.7099871959026887,13
ReCIRC-TabICL,3,1614,0.11186714462736769,6.460346964064436,13
ReCIRC-TabICL,4,1421,0.09652742870547235,13.383532723434202,13
ReCIRC-TabICL,5,1484,0.09895632781414453,19.485175202156334,13
ReCIRC-TabICL,6,1538,0.09372845583833882,26.08257477243173,13
ReCIRC-TabICL,7,1419,0.09737295434969853,26.697674418604652,13
ReCIRC-TabICL,8,1381,0.08823431375929566,25.389572773352644,13
ReCIRC-TabICL,9,1527,0.07949669300356922,26.28421741977734,13
CRC marginal,0,1551,0.004352030947775629,3.6756931012250162,14
CRC marginal,1,1585,0.006098843322818086,3.7009463722397475,14
CRC marginal,2,1322,0.024031950147683886,4.06732223903177,14
CRC marginal,3,1510,0.05973509933774836,4.317218543046358,14
CRC marginal,4,1668,0.11132451181911614,4.504796163069544,14
CRC marginal,5,1425,0.1588170426065163,4.821052631578947,14
CRC marginal,6,1320,0.17445737133237135,5.113636363636363,14
CRC marginal,7,1381,0.17423221038354997,5.6480811006517015,14
CRC marginal,8,1294,0.17145310468339836,6.246522411128284,14
CRC marginal,9,1444,0.1579291130537668,7.762465373961219,14
AA-CRC,0,1551,0.09729206963249519,2.764667956157318,14
AA-CRC,1,1585,0.08624255169996496,2.4321766561514195,14
AA-CRC,2,1322,0.08804931200922125,2.9689863842662634,14
AA-CRC,3,1510,0.11231315042573321,5.271523178807947,14
AA-CRC,4,1668,0.12322856000913557,8.768585131894485,14
AA-CRC,5,1425,0.12624143692564746,11.888421052631578,14
AA-CRC,6,1320,0.10858946608946608,17.96439393939394,14
AA-CRC,7,1381,0.09837189522200383,24.257060101375814,14
AA-CRC,8,1294,0.08990701896420598,30.01854714064915,14
AA-CRC,9,1444,0.08550255723039657,39.02562326869806,14
ReCIRC-TabICL,0,1551,0.07932516655920913,2.869761444229529,14
ReCIRC-TabICL,1,1585,0.11562565720294427,2.365930599369085,14
ReCIRC-TabICL,2,1322,0.1247595634320294,3.5597579425113466,14
ReCIRC-TabICL,3,1510,0.11080258593503627,8.317880794701987,14
ReCIRC-TabICL,4,1668,0.10220038255110198,16.822541966426858,14
ReCIRC-TabICL,5,1425,0.09633751044277361,24.874385964912282,14
ReCIRC-TabICL,6,1320,0.08852573352573354,27.64621212121212,14
ReCIRC-TabICL,7,1381,0.10182062687493536,27.28819695872556,14
ReCIRC-TabICL,8,1294,0.08107658055494221,30.120556414219475,14
ReCIRC-TabICL,9,1444,0.06708043034220319,34.7292243767313,14
CRC marginal,0,1451,0.004284401562141053,3.7105444521019986,15
CRC marginal,1,1494,0.00428380187416332,3.6673360107095045,15
CRC marginal,2,1424,0.022907470572498662,4.058286516853933,15
CRC marginal,3,1588,0.05849826076526329,4.335012594458438,15
CRC marginal,4,1318,0.10426963653443168,4.4795144157814875,15
CRC marginal,5,1430,0.15224858474858477,4.723776223776224,15
CRC marginal,6,1415,0.17602725896012114,5.0586572438162545,15
CRC marginal,7,1509,0.17358704913376885,5.544731610337972,15
CRC marginal,8,1383,0.16801925880016988,6.242227042660883,15
CRC marginal,9,1488,0.1577467260935003,7.723790322580645,15
AA-CRC,0,1451,0.10866069377440847,2.7684355616815988,15
AA-CRC,1,1494,0.057169418414398335,2.533467202141901,15
AA-CRC,2,1424,0.08247809657570894,2.773876404494382,15
AA-CRC,3,1588,0.105754468034065,4.498740554156171,15
AA-CRC,4,1318,0.11938001300672015,8.041729893778452,15
AA-CRC,5,1430,0.130987345987346,10.466433566433567,15
AA-CRC,6,1415,0.10884682259240565,15.730035335689045,15
AA-CRC,7,1509,0.09163642483722007,23.078197481776012,15
AA-CRC,8,1383,0.0851329637663694,29.875632682574114,15
AA-CRC,9,1488,0.07082928458936523,39.9630376344086,15
ReCIRC-TabICL,0,1451,0.09753043877785436,2.7946243969676083,15
ReCIRC-TabICL,1,1494,0.10535475234270417,2.4029451137884874,15
ReCIRC-TabICL,2,1424,0.11452899277688604,2.966292134831461,15
ReCIRC-TabICL,3,1588,0.11111910759265922,6.656171284634761,15
ReCIRC-TabICL,4,1318,0.10469867765011924,14.679059180576632,15
ReCIRC-TabICL,5,1430,0.09747835497835498,20.32027972027972,15
ReCIRC-TabICL,6,1415,0.09608783442705705,25.51802120141343,15
ReCIRC-TabICL,7,1509,0.10194783678879107,24.021868787276343,15
ReCIRC-TabICL,8,1383,0.09682597068714205,24.475054229934923,15
ReCIRC-TabICL,9,1488,0.09245985682477617,22.695564516129032,15
CRC marginal,0,1693,0.003987005316007088,3.753101004134672,16
CRC marginal,1,1442,0.005640314378178457,3.88626907073509,16
CRC marginal,2,1439,0.023409940765743407,4.246699096594858,16
CRC marginal,3,1163,0.047037628464971545,4.504729148753224,16
CRC marginal,4,1522,0.09308944997184156,4.7490144546649145,16
CRC marginal,5,1409,0.1358249687383825,4.991483321504613,16
CRC marginal,6,1436,0.15630554450192333,5.3565459610027855,16
CRC marginal,7,1369,0.16328423017612206,5.836376917457999,16
CRC marginal,8,1410,0.1548902397838568,6.50354609929078,16
CRC marginal,9,1617,0.14501925786712427,7.993197278911564,16
AA-CRC,0,1693,0.09504823784209492,2.7412876550502068,16
AA-CRC,1,1442,0.06492140545538605,2.5124826629681,16
AA-CRC,2,1439,0.07342979582381946,3.086170952050035,16
AA-CRC,3,1163,0.10084756172460388,4.586414445399828,16
AA-CRC,4,1522,0.11817001439209061,7.8068331143232585,16
AA-CRC,5,1409,0.1255584845719693,10.957416607523067,16
AA-CRC,6,1436,0.1086160299774506,16.635793871866294,16
AA-CRC,7,1369,0.10652515449812748,21.4572680788897,16
AA-CRC,8,1410,0.08874957784532252,27.93758865248227,16
AA-CRC,9,1617,0.07752032204722371,38.169449598021025,16
ReCIRC-TabICL,0,1693,0.10314038196495376,2.7188422917897226,16
ReCIRC-TabICL,1,1442,0.11877022653721686,2.39875173370319,16
ReCIRC-TabICL,2,1439,0.10865763261524208,3.7977762334954828,16
ReCIRC-TabICL,3,1163,0.09568030135527987,7.976784178847807,16
ReCIRC-TabICL,4,1522,0.09959170264689318,14.494086727989487,16
ReCIRC-TabICL,5,1409,0.09684680117611276,19.39957416607523,16
ReCIRC-TabICL,6,1436,0.09604224698235841,22.706128133704734,16
ReCIRC-TabICL,7,1369,0.10654979303627952,20.99780861943024,16
ReCIRC-TabICL,8,1410,0.09985224586288417,20.082978723404256,16
ReCIRC-TabICL,9,1617,0.09647613604014346,20.079158936301795,16
CRC marginal,0,1505,0.003654485049833887,3.7096345514950166,17
CRC marginal,1,1332,0.003691191191191191,3.684684684684685,17
CRC marginal,2,1450,0.019807060755336618,4.077241379310345,17
CRC marginal,3,1471,0.05644848013984656,4.295717199184228,17
CRC marginal,4,1480,0.10149211711711713,4.499324324324324,17
CRC marginal,5,1512,0.1478584026203074,4.76984126984127,17
CRC marginal,6,1469,0.17175138037969898,5.0932607215793055,17
CRC marginal,7,1541,0.17019895347280162,5.652822842310188,17
CRC marginal,8,1187,0.16143539134272075,6.295703454085931,17
CRC marginal,9,1553,0.16207986404380478,7.728267868641339,17
AA-CRC,0,1505,0.08806201550387599,2.8046511627906976,17
AA-CRC,1,1332,0.07197197197197197,2.4684684684684686,17
AA-CRC,2,1450,0.07751642036124795,2.892413793103448,17
AA-CRC,3,1471,0.10831148230876307,4.632902787219579,17
AA-CRC,4,1480,0.1364398326898327,7.292567567567567,17
AA-CRC,5,1512,0.14711829176114893,10.222222222222221,17
AA-CRC,6,1469,0.12144856127157014,14.247787610619469,17
AA-CRC,7,1541,0.10851771164879537,19.667748215444515,17
AA-CRC,8,1187,0.09493788529171848,27.34540859309183,17
AA-CRC,9,1553,0.07647805439176977,40.24146812620734,17
ReCIRC-TabICL,0,1505,0.08497785160575858,2.951495016611296,17
ReCIRC-TabICL,1,1332,0.09771021021021022,2.418918918918919,17
ReCIRC-TabICL,2,1450,0.11953721948549534,2.964137931034483,17
ReCIRC-TabICL,3,1471,0.11462400051795023,6.171991842284161,17
ReCIRC-TabICL,4,1480,0.10785875160875162,13.168243243243243,17
ReCIRC-TabICL,5,1512,0.10223450491307634,18.090608465608465,17
ReCIRC-TabICL,6,1469,0.08890077474148271,24.115044247787612,17
ReCIRC-TabICL,7,1541,0.09166460657375647,26.37053861129137,17
ReCIRC-TabICL,8,1187,0.08140570465760018,27.74473462510531,17
ReCIRC-TabICL,9,1553,0.08161873541783393,26.80231809401159,17
CRC marginal,0,1405,0.0038908659549228945,3.7295373665480427,18
CRC marginal,1,1540,0.004556277056277056,3.7,18
CRC marginal,2,1498,0.022287653379108655,4.10347129506008,18
CRC marginal,3,1255,0.051515841396319484,4.341035856573705,18
CRC marginal,4,1359,0.09804565682049128,4.535688005886682,18
CRC marginal,5,1420,0.13810446009389674,4.822535211267605,18
CRC marginal,6,1612,0.16621026822639728,5.090570719602978,18
CRC marginal,7,1367,0.17128865201286564,5.626920263350402,18
CRC marginal,8,1496,0.16453691325014855,6.268716577540107,18
CRC marginal,9,1548,0.15924387842992493,7.775193798449612,18
AA-CRC,0,1405,0.08187425860023724,2.8448398576512455,18
AA-CRC,1,1540,0.05354978354978355,2.527922077922078,18
AA-CRC,2,1498,0.06811383431877424,3.0801068090787718,18
AA-CRC,3,1255,0.08616012141908558,4.930677290836654,18
AA-CRC,4,1359,0.11152020042748523,8.420897718910965,18
AA-CRC,5,1420,0.1290023474178404,10.63661971830986,18
AA-CRC,6,1612,0.10800765095119935,14.965880893300248,18
AA-CRC,7,1367,0.10105142764250298,20.122165325530357,18
AA-CRC,8,1496,0.09295343137254902,26.358288770053477,18
AA-CRC,9,1548,0.08833259225701086,34.27713178294574,18
ReCIRC-TabICL,0,1405,0.0834638196915777,2.8256227758007118,18
ReCIRC-TabICL,1,1540,0.10021645021645022,2.4084415584415586,18
ReCIRC-TabICL,2,1498,0.11249523173755485,3.5774365821094793,18
ReCIRC-TabICL,3,1255,0.1023316258774426,6.306772908366534,18
ReCIRC-TabICL,4,1359,0.10937226251795788,13.52906548933039,18
ReCIRC-TabICL,5,1420,0.10924463447350773,17.756338028169015,18
ReCIRC-TabICL,6,1612,0.09823348694316436,22.207196029776675,18
ReCIRC-TabICL,7,1367,0.10826685709641087,20.70519385515728,18
ReCIRC-TabICL,8,1496,0.10678847296494354,18.90842245989305,18
ReCIRC-TabICL,9,1548,0.08300040829110596,20.771963824289404,18
CRC marginal,0,1345,0.0036926889714993805,3.699628252788104,19
CRC marginal,1,1588,0.004607472712006717,3.5831234256926954,19
CRC marginal,2,1396,0.02059114476736253,3.9849570200573066,19
CRC marginal,3,1441,0.055136974984303234,4.228313671061763,19
CRC marginal,4,1532,0.10530352480417754,4.409921671018277,19
CRC marginal,5,1526,0.15917743244086627,4.624508519003932,19
CRC marginal,6,1372,0.18385076819843585,4.919825072886297,19
CRC marginal,7,1348,0.1796476849889313,5.420623145400594,19
CRC marginal,8,1514,0.17602456438321695,6.04557463672391,19
CRC marginal,9,1438,0.16731253022977638,7.61682892906815,19
AA-CRC,0,1345,0.08995043370508055,2.8408921933085503,19
AA-CRC,1,1588,0.057042401343408905,2.513853904282116,19
AA-CRC,2,1396,0.07627234274798746,2.70702005730659,19
AA-CRC,3,1441,0.10894220283533264,4.718945176960444,19
AA-CRC,4,1532,0.12480106925276638,8.004569190600522,19
AA-CRC,5,1526,0.14113773949946953,10.378768020969856,19
AA-CRC,6,1372,0.11814058956916101,15.630466472303207,19
AA-CRC,7,1348,0.10113454382742215,19.966617210682493,19
AA-CRC,8,1514,0.09393727328007383,25.595112285336857,19
AA-CRC,9,1438,0.08883234290049312,36.10778859527121,19
ReCIRC-TabICL,0,1345,0.060545229244114006,2.9345724907063198,19
ReCIRC-TabICL,1,1588,0.09570738874895048,2.4445843828715366,19
ReCIRC-TabICL,2,1396,0.1147376859053077,3.3674785100286533,19
ReCIRC-TabICL,3,1441,0.09620468589934239,9.317140874392782,19
ReCIRC-TabICL,4,1532,0.09530958597538233,15.47911227154047,19
ReCIRC-TabICL,5,1526,0.09212694252012732,21.924639580602882,19
ReCIRC-TabICL,6,1372,0.09934431255495396,23.786443148688047,19
ReCIRC-TabICL,7,1348,0.11092241298101832,20.37240356083086,19
ReCIRC-TabICL,8,1514,0.11266119393596277,19.20211360634082,19
ReCIRC-TabICL,9,1438,0.0972546596503481,21.297635605006953,19
