method,test_fnr,avg_size,trial
CRC marginal,0.09262222222222222,2.716121212121212,0
AA-CRC,0.09724545454545454,3.4124848484848487,0
ReCIRC-TabICL,0.10155858585858585,3.252787878787879,0
CRC marginal,0.09265454545454546,2.7196363636363636,1
AA-CRC,0.10186565656565655,3.334787878787879,1
ReCIRC-TabICL,0.09994646464646464,3.454,1
CRC marginal,0.09146969696969696,2.7303030303030305,2
AA-CRC,0.09484242424242423,3.9052727272727275,2
ReCIRC-TabICL,0.09639494949494949,3.445939393939394,2
CRC marginal,0.09056262626262626,2.7311515151515153,3
AA-CRC,0.09022727272727273,3.953757575757576,3
ReCIRC-TabICL,0.10472323232323233,3.3141818181818183,3
CRC marginal,0.09193434343434342,2.720969696969697,4
AA-CRC,0.09454040404040405,3.6424848484848487,4
ReCIRC-TabICL,0.09927777777777777,3.5176363636363637,4
CRC marginal,0.09213434343434344,2.7216969696969695,5
AA-CRC,0.09616666666666666,3.825818181818182,5
ReCIRC-TabICL,0.09835858585858585,3.353151515151515,5
CRC marginal,0.0914919191919192,2.7231515151515153,6
AA-CRC,0.09677979797979798,3.526121212121212,6
ReCIRC-TabICL,0.09535151515151515,3.147939393939394,6
CRC marginal,0.09164343434343433,2.72,7
AA-CRC,0.09495151515151515,3.774969696969697,7
ReCIRC-TabICL,0.09726262626262626,3.5494545454545454,7
CRC marginal,0.0918040404040404,2.719030303030303,8
AA-CRC,0.09573737373737373,3.37,8
ReCIRC-TabICL,0.10084949494949497,3.3054545454545456,8
CRC marginal,0.09124747474747474,2.7276363636363636,9
AA-CRC,0.09346363636363636,3.6356969696969696,9
ReCIRC-TabICL,0.10252222222222221,3.3253333333333335,9
CRC marginal,0.09125555555555556,2.7213333333333334,10
AA-CRC,0.09177474747474748,3.9126666666666665,10
ReCIRC-TabICL,0.09736666666666667,3.5507272727272725,10
CRC marginal,0.09166666666666666,2.7190909090909092,11
AA-CRC,0.0933868686868687,3.8305454545454545,11
ReCIRC-TabICL,0.0970111111111111,3.424121212121212,11
CRC marginal,0.0912919191919192,2.7234545454545454,12
AA-CRC,0.09537272727272728,3.8771515151515152,12
ReCIRC-TabICL,0.10317070707070708,3.538969696969697,12
CRC marginal,0.09102424242424242,2.721090909090909,13
AA-CRC,0.08830505050505051,4.009090909090909,13
ReCIRC-TabICL,0.09203333333333333,3.4144848484848485,13
CRC marginal,0.09214141414141415,2.7126060606060607,14
AA-CRC,0.08694747474747476,4.2727272727272725,14
ReCIRC-TabICL,0.09408888888888889,3.5306060606060607,14
CRC marginal,0.09158989898989899,2.7166060606060607,15
AA-CRC,0.09485656565656565,3.641272727272727,15
ReCIRC-TabICL,0.09395959595959595,3.5033333333333334,15
CRC marginal,0.09144747474747475,2.723030303030303,16
AA-CRC,0.09421313131313132,3.887939393939394,16
ReCIRC-TabICL,0.10379292929292928,3.4926666666666666,16
CRC marginal,0.09154343434343434,2.7232121212121214,17
AA-CRC,0.09495757575757575,3.954181818181818,17
ReCIRC-TabICL,0.10071616161616162,3.4681818181818183,17
CRC marginal,0.09180707070707071,2.715878787878788,18
AA-CRC,0.09456969696969696,3.63,18
ReCIRC-TabICL,0.10355151515151514,3.253151515151515,18
CRC marginal,0.09186767676767675,2.715939393939394,19
AA-CRC,0.09387272727272727,3.6343636363636365,19
ReCIRC-TabICL,0.09962626262626262,3.463878787878788,19
