trial,method,worst_bin_risk,mean_excess_by_bin
0,AA-CRC,0.10744520030234316,0.0007994520480685968
0,CRC marginal,0.10492252456538172,0.0007399921023340028
0,ReCIRC-TabICL,0.11728149829738932,0.003414339266885812
1,AA-CRC,0.10784254807692308,0.0031826735415147593
1,CRC marginal,0.10505809294871794,0.0007932344445723924
1,ReCIRC-TabICL,0.11197604790419162,0.002273508167967417
2,AA-CRC,0.10540431538616657,0.000551673809555385
2,CRC marginal,0.10494051220004035,0.000494051220004034
2,ReCIRC-TabICL,0.10906372210720036,0.0009214962276589342
3,AA-CRC,0.09707077186230491,0.0
3,CRC marginal,0.10372748350276441,0.0006759636534917415
3,ReCIRC-TabICL,0.10995115995115994,0.004871323801206857
4,AA-CRC,0.10047677013593019,4.7677013593018513e-05
4,CRC marginal,0.10018385732671446,1.8385732671445663e-05
4,ReCIRC-TabICL,0.11273211987497701,0.002075071272292306
5,AA-CRC,0.10567632850241547,0.0009550317433875647
5,CRC marginal,0.10229956494717217,0.0006053872653852585
5,ReCIRC-TabICL,0.11261653200745804,0.0019482472945055978
6,AA-CRC,0.10399201596806389,0.0010033473681814009
6,CRC marginal,0.10356884057971014,0.0003568840579710131
6,ReCIRC-TabICL,0.10635978195033313,0.0013027442876809917
7,AA-CRC,0.10683284457478007,0.0009833681044876252
7,CRC marginal,0.10331593194122198,0.0004936592752597974
7,ReCIRC-TabICL,0.11059551430781128,0.0013821891079944305
8,AA-CRC,0.1025518341307815,0.0004413331044361729
8,CRC marginal,0.10206163194444444,0.00024499234617682134
8,ReCIRC-TabICL,0.11480342835848704,0.0035012552786591253
9,AA-CRC,0.0994185006262301,0.0
9,CRC marginal,0.09885683760683762,0.0
9,ReCIRC-TabICL,0.11428175263449805,0.0034912103548879513
10,AA-CRC,0.09935158501440923,0.0
10,CRC marginal,0.10371702637889689,0.00037170263788968846
10,ReCIRC-TabICL,0.11094110854503463,0.0013884208610436834
11,AA-CRC,0.10101241018941869,0.00010124101894186804
11,CRC marginal,0.10273787216323133,0.0006044918246745328
11,ReCIRC-TabICL,0.11365659405012883,0.0013656594050128826
12,AA-CRC,0.10233160621761658,0.00026332213178306143
12,CRC marginal,0.09885372286467843,0.0
12,ReCIRC-TabICL,0.11203583765112264,0.0035258989217798685
13,AA-CRC,0.09427620274914089,0.0
13,CRC marginal,0.10091760299625467,0.00012164673118553876
13,ReCIRC-TabICL,0.09756923689978082,0.0
14,AA-CRC,0.09583853516437786,0.0
14,CRC marginal,0.10638178555406012,0.0007920847894010513
14,ReCIRC-TabICL,0.10064502704952144,6.45027049521435e-05
15,AA-CRC,0.10793165874632268,0.0010953875373666336
15,CRC marginal,0.10669834804254358,0.0007512918791216447
15,ReCIRC-TabICL,0.10853926414058208,0.0011991575433735967
16,AA-CRC,0.10336981566820276,0.000609368171204723
16,CRC marginal,0.10510686898352098,0.000710293584684446
16,ReCIRC-TabICL,0.12365781710914452,0.005565943392699767
17,AA-CRC,0.10124345549738219,0.00018225247751248592
17,CRC marginal,0.10074178403755868,9.004062899946597e-05
17,ReCIRC-TabICL,0.11236619718309858,0.003782154121407283
18,AA-CRC,0.10154779593858346,0.00016001409972099117
18,CRC marginal,0.10141242937853107,0.00014124293785310605
18,ReCIRC-TabICL,0.11243946731234866,0.00393660968458152
19,AA-CRC,0.102342139778902,0.0002967530648195299
19,CRC marginal,0.10482480794453812,0.00048248079445381147
19,ReCIRC-TabICL,0.12159744408945687,0.0035872258501998835
