method,trial,seed,alpha,risk_backend,selected_param,marginal_risk,excess_risk_event,avg_width,median_width,infinite_width_rate,rate_at_lam_max,own_group_worst,worst_slice,slice_cvar,mean_excess_slice,frac_slices_above_alpha,n_test
CRC,0,42,0.1,tabicl,0.7088607549667358,0.09285266697406769,0.0,26.737686157226562,21.620254516601562,0.0,0.0,,0.18709677457809448,0.18709677457809448,0.022448988631367683,0.5,6380
AA-CRC (linear),0,42,0.1,tabicl,0.6904909349951889,0.09275862068965518,0.0,27.49589739457273,20.468283911943516,0.0,0.0,,0.16129032258064518,0.16129032258064518,0.015322580645161295,0.25,6380
AA-CRC (RF leaves),0,42,0.1,tabicl,0.6681673262436506,0.09476489028213167,0.0,26.310010418979154,20.05562818963756,0.0,0.0,0.13246753246753248,0.14623655913978495,0.14623655913978495,0.011559139784946236,0.25,6380
ReCIRC,0,42,0.1,tabicl,0.09,0.0926959291100502,0.0,24.831567764282227,19.617177963256836,0.0,0.0,,0.10126582533121109,0.10126582533121109,0.0005852747708559036,0.5,6380
CRC,1,43,0.1,tabicl,0.7594936490058899,0.07890282571315765,0.0,29.910179138183594,25.078859329223633,0.0,0.0,,0.11612903326749802,0.11612903326749802,0.004032257944345474,0.25,6380
AA-CRC (linear),1,43,0.1,tabicl,0.6906362391953452,0.0966771159874608,0.0,27.966129960079087,21.702119657262166,0.0,0.0,,0.10322580645161292,0.10322580645161292,0.0008064516129032279,0.25,6380
AA-CRC (RF leaves),1,43,0.1,tabicl,0.6966708721236007,0.09373040752351097,0.0,27.855138073635324,22.718627488326227,0.0,0.0,0.13612167300380226,0.11612903225806452,0.11612903225806452,0.004032258064516129,0.25,6380
ReCIRC,1,43,0.1,tabicl,0.095,0.09526645392179489,0.0,25.82014274597168,20.48737907409668,0.0,0.0,,0.0999358668923378,0.0999358668923378,0.0,0.0,6380
CRC,2,44,0.1,tabicl,0.7088607549667358,0.09523510932922363,0.0,27.13808250427246,22.007997512817383,0.0,0.0,,0.10591293126344681,0.10591293126344681,0.0014782324433326721,0.25,6380
AA-CRC (linear),2,44,0.1,tabicl,0.6961935243668083,0.0961755485893417,0.0,27.57889292190028,20.77154535159221,0.0,0.0,,0.09865985960433951,0.09865985960433951,0.0,0.0,6380
AA-CRC (RF leaves),2,44,0.1,tabicl,0.6885043688407739,0.09931034482758622,0.0,26.72018694773855,22.195829521610257,0.0,0.0,0.1423487544483985,0.103183885640026,0.103183885640026,0.000795971410006497,0.25,6380
ReCIRC,2,44,0.1,tabicl,0.09,0.09275862574577332,0.0,25.417011260986328,19.61341667175293,0.0,0.0,,0.0929824635386467,0.0929824635386467,0.0,0.0,6380
CRC,3,45,0.1,tabicl,0.7594936490058899,0.08978056162595749,0.0,28.714120864868164,22.7844295501709,0.0,0.0,,0.11632653325796127,0.11632653325796127,0.0040816329419612885,0.25,6380
AA-CRC (linear),3,45,0.1,tabicl,0.7064112897354099,0.0990282131661442,0.0,27.214037149149895,20.34039757113349,0.0,0.0,,0.1489795918367347,0.1489795918367347,0.012244897959183675,0.25,6380
AA-CRC (RF leaves),3,45,0.1,tabicl,0.6900634571694741,0.10473354231974923,1.0,26.40716048659718,20.5564502937122,0.0,0.0,0.13109243697479,0.16122448979591839,0.16122448979591839,0.01812015181276426,0.5,6380
ReCIRC,3,45,0.1,tabicl,0.085,0.09783698618412018,0.0,25.59010124206543,20.374683380126953,0.0,0.0,,0.11020409315824509,0.11020409315824509,0.004397328943014145,0.75,6380
CRC,4,46,0.1,tabicl,0.7088607549667358,0.09376175701618195,0.0,27.59724235534668,22.38227653503418,0.0,0.0,,0.17045454680919647,0.17045454680919647,0.017613636329770088,0.25,6380
AA-CRC (linear),4,46,0.1,tabicl,0.6737712264226687,0.10257053291536052,1.0,27.116110706213657,19.692862725211427,0.0,0.0,,0.19318181818181818,0.19318181818181818,0.02527804642166344,0.5,6380
AA-CRC (RF leaves),4,46,0.1,tabicl,0.671341243890669,0.10144200626959249,1.0,26.531010859117284,21.27156355337472,0.0,0.0,0.1338345864661655,0.15000000000000002,0.15000000000000002,0.013072177842079834,0.75,6380
ReCIRC,4,46,0.1,tabicl,0.1,0.0968652069568634,0.0,25.341716766357422,18.935192108154297,0.0,0.0,,0.12800000607967377,0.12800000607967377,0.007548034191131592,0.5,6380
CRC,5,47,0.1,tabicl,0.7594936490058899,0.0819435715675354,0.0,29.407649993896484,23.24810028076172,0.0,0.0,,0.17500001192092896,0.17500001192092896,0.01875000260770321,0.25,6380
AA-CRC (linear),5,47,0.1,tabicl,0.7084985846626305,0.09147335423197493,0.0,28.437174643551604,21.584731437374238,0.0,0.0,,0.11750000000000002,0.11750000000000002,0.004375000000000004,0.25,6380
AA-CRC (RF leaves),5,47,0.1,tabicl,0.6982051894347394,0.09504702194357366,0.0,27.224837305239156,21.94989212061562,0.0,0.0,0.11641791044776119,0.17750000000000005,0.17750000000000005,0.020600806451612916,0.5,6380
ReCIRC,5,47,0.1,tabicl,0.09,0.09463949501514435,0.0,25.972265243530273,20.556961059570312,0.0,0.0,,0.14750000834465027,0.14750000834465027,0.011875001713633537,0.25,6380
CRC,6,48,0.1,tabicl,0.7594936490058899,0.09514106810092926,0.0,28.48636817932129,22.764873504638672,0.0,0.0,,0.11627907305955887,0.11627907305955887,0.006852511316537857,0.75,6380
AA-CRC (linear),6,48,0.1,tabicl,0.7284851041214371,0.10097178683385581,1.0,27.811814077278427,21.151151660295866,0.0,0.00015673981191222572,,0.10990291262135923,0.10990291262135923,0.002475728155339807,0.25,6380
AA-CRC (RF leaves),6,48,0.1,tabicl,0.7131584756488867,0.10159874608150471,1.0,27.312883660438718,21.197483661995378,0.0,0.0,0.14955752212389384,0.1050485436893204,0.1050485436893204,0.0012621359223300987,0.25,6380
ReCIRC,6,48,0.1,tabicl,0.09,0.10065831243991852,1.0,25.42637825012207,20.100719451904297,0.0,0.0,,0.12558139860630035,0.12558139860630035,0.008924730122089386,0.75,6380
CRC,7,49,0.1,tabicl,0.7088607549667358,0.0944514200091362,0.0,27.165977478027344,22.300228118896484,0.0,0.0,,0.11954023689031601,0.11954023689031601,0.005071565508842468,0.5,6380
AA-CRC (linear),7,49,0.1,tabicl,0.6851767075102962,0.09655172413793103,0.0,27.466399386395903,20.80702654008015,0.0,0.0,,0.12873563218390807,0.12873563218390807,0.012304389973687858,0.5,6380
AA-CRC (RF leaves),7,49,0.1,tabicl,0.6813645858316756,0.0974294670846395,0.0,26.908045670877925,21.758608816866754,0.0,0.0,0.13469387755102047,0.09885057471264369,0.09885057471264369,0.0,0.0,6380
ReCIRC,7,49,0.1,tabicl,0.095,0.09257052838802338,0.0,24.963794708251953,19.001012802124023,0.0,0.0,,0.11084338277578354,0.11084338277578354,0.002710845321416855,0.25,6380
CRC,8,50,0.1,tabicl,0.7594936490058899,0.09131661802530289,0.0,28.69344711303711,23.451454162597656,0.0,0.0,,0.14750000834465027,0.14750000834465027,0.011875001713633537,0.25,6380
AA-CRC (linear),8,50,0.1,tabicl,0.7083143544395073,0.09978056426332287,0.0,27.745823449568963,20.62459023159029,0.0,0.0,,0.1375,0.1375,0.009503534704370181,0.5,6380
AA-CRC (RF leaves),8,50,0.1,tabicl,0.6927848686147795,0.10100313479623826,1.0,26.681571189517726,21.873901993123965,0.0,0.0,0.13411306042884985,0.12000000000000002,0.12000000000000002,0.007294608472400519,0.5,6380
ReCIRC,8,50,0.1,tabicl,0.095,0.0962069034576416,0.0,25.104598999023438,19.230377197265625,0.0,0.0,,0.125,0.125,0.00624999962747097,0.25,6380
CRC,9,51,0.1,tabicl,0.7088607549667358,0.10592477023601532,1.0,27.531696319580078,21.63620376586914,0.0,0.0,,0.14000000059604645,0.14000000059604645,0.020480843260884285,1.0,6380
AA-CRC (linear),9,51,0.1,tabicl,0.6910625288744952,0.10739811912225707,1.0,27.569768116479167,20.30990049430859,0.0,0.0,,0.11951219512195123,0.11951219512195123,0.012806792621873692,1.0,6380
AA-CRC (RF leaves),9,51,0.1,tabicl,0.6789431818787981,0.10705329153605016,1.0,26.662484599856178,21.89263073045958,0.0,0.0,0.17219730941704034,0.12195121951219512,0.12195121951219512,0.009081768029007672,0.75,6380
ReCIRC,9,51,0.1,tabicl,0.095,0.10216300934553146,1.0,25.213542938232422,20.756153106689453,0.0,0.0,,0.12000000476837158,0.12000000476837158,0.006580578163266182,1.0,6380
CRC,10,52,0.1,tabicl,0.7594936490058899,0.08288401365280151,0.0,28.422157287597656,23.570884704589844,0.0,0.0,,0.1407407522201538,0.1407407522201538,0.010185187682509422,0.25,6380
AA-CRC (linear),10,52,0.1,tabicl,0.6973688882331962,0.09473354231974922,0.0,27.07929303424964,20.82840353430575,0.0,0.0,,0.1432098765432099,0.1432098765432099,0.010802469135802475,0.25,6380
AA-CRC (RF leaves),10,52,0.1,tabicl,0.6869194968667353,0.09871473354231974,0.0,26.186514377534216,21.310640136982727,0.0,0.0,0.1377777777777778,0.14320987654320988,0.14320987654320988,0.012517916290274014,0.5,6380
ReCIRC,10,52,0.1,tabicl,0.095,0.09783699363470078,0.0,24.455745697021484,19.005569458007812,0.0,0.0,,0.1259259283542633,0.1259259283542633,0.0067115668207407,0.5,6380
CRC,11,53,0.1,tabicl,0.7594936490058899,0.08097178488969803,0.0,28.9740047454834,23.027847290039062,0.0,0.0,,0.08936170488595963,0.08936170488595963,0.0,0.0,6380
AA-CRC (linear),11,53,0.1,tabicl,0.7003715810391895,0.09601880877742949,0.0,27.113031871563678,19.735773857040677,0.0,0.0,,0.10003243593902043,0.10003243593902043,8.108984755107046e-06,0.25,6380
AA-CRC (RF leaves),11,53,0.1,tabicl,0.6817282017545735,0.10084639498432603,1.0,26.226734924713597,20.95146268229513,0.0,0.0,0.1468354430379747,0.10191372040220566,0.10191372040220566,0.0006381745094970991,0.5,6380
ReCIRC,11,53,0.1,tabicl,0.095,0.09166145324707031,0.0,25.163000106811523,18.795316696166992,0.0,0.0,,0.11276595294475555,0.11276595294475555,0.0031914878636598587,0.25,6380
CRC,12,54,0.1,tabicl,0.7594936490058899,0.0926959291100502,0.0,28.61545753479004,23.454490661621094,0.0,0.0,,0.19555555284023285,0.19555555284023285,0.023888887837529182,0.25,6380
AA-CRC (linear),12,54,0.1,tabicl,0.7180120783236987,0.10175548589341693,1.0,27.814958003277336,22.088278501450482,0.0,0.0,,0.14222222222222222,0.14222222222222222,0.01148457293462575,0.75,6380
AA-CRC (RF leaves),12,54,0.1,tabicl,0.7045910362703577,0.10181818181818182,1.0,26.994799002458105,21.067330977565717,0.0,0.0,0.14320241691842894,0.14444444444444443,0.14444444444444443,0.012977500089002808,0.5,6380
ReCIRC,12,54,0.1,tabicl,0.095,0.10702195018529892,1.0,24.90013313293457,19.853879928588867,0.0,0.0,,0.13333334028720856,0.13333334028720856,0.011952688917517662,1.0,6380
CRC,13,55,0.1,tabicl,0.7594936490058899,0.08959247171878815,0.0,29.12297248840332,23.939239501953125,0.0,0.0,,0.12608696520328522,0.12608696520328522,0.0065217409282922745,0.25,6380
AA-CRC (linear),13,55,0.1,tabicl,0.700851009604849,0.1058307210031348,1.0,27.8006132721167,21.474537065306997,0.0,0.0,,0.11521739130434784,0.11521739130434784,0.00706881596965072,0.75,6380
AA-CRC (RF leaves),13,55,0.1,tabicl,0.6872808377936728,0.10830721003134797,1.0,26.90578625897376,22.035449079467334,0.0,0.0,0.15020408163265309,0.15217391304347827,0.15217391304347827,0.01715668737027389,0.75,6380
ReCIRC,13,55,0.1,tabicl,0.09,0.09871473908424377,0.0,25.490198135375977,19.61285972595215,0.0,0.0,,0.12391304224729538,0.12391304224729538,0.007132602855563164,0.5,6380
CRC,14,56,0.1,tabicl,0.7088607549667358,0.10144200921058655,1.0,27.207754135131836,21.918506622314453,0.0,0.0,,0.14588235318660736,0.14588235318660736,0.018447257578372955,0.75,6380
AA-CRC (linear),14,56,0.1,tabicl,0.6766389835222995,0.10404388714733541,1.0,26.84947779493648,19.88932052783815,0.0,0.0,,0.13052631578947366,0.13052631578947366,0.009591931104394713,0.75,6380
AA-CRC (RF leaves),14,56,0.1,tabicl,0.6779521814158863,0.10482758620689654,1.0,26.272897434879138,21.945872578213184,0.0,0.0,0.14772036474164132,0.13894736842105262,0.13894736842105262,0.018507124792304305,1.0,6380
ReCIRC,14,56,0.1,tabicl,0.095,0.10003136098384857,1.0,25.052629470825195,19.665569305419922,0.0,0.0,,0.11529410630464554,0.11529410630464554,0.004064375534653664,0.5,6380
CRC,15,57,0.1,tabicl,0.7088607549667358,0.0931347981095314,0.0,26.949337005615234,21.563188552856445,0.0,0.0,,0.24399997293949127,0.24399997293949127,0.03599999099969864,0.25,6380
AA-CRC (linear),15,57,0.1,tabicl,0.6892649632867228,0.09714733542319748,0.0,27.266901727840953,20.05700325393763,0.0,0.0,,0.20000000000000004,0.20000000000000004,0.02500000000000001,0.25,6380
AA-CRC (RF leaves),15,57,0.1,tabicl,0.6635547307048986,0.09799373040752352,0.0,26.10005376738895,20.279203148316498,0.0,0.0,0.13446808510638297,0.16,0.16,0.015,0.25,6380
ReCIRC,15,57,0.1,tabicl,0.1,0.09799373894929886,0.0,24.551788330078125,17.912912368774414,0.0,0.0,,0.24799999594688416,0.24799999594688416,0.04023529589176178,0.5,6380
CRC,16,58,0.1,tabicl,0.7594936490058899,0.08536050468683243,0.0,29.182470321655273,23.98689842224121,0.0,0.0,,0.11287128925323486,0.11287128925323486,0.003217821940779686,0.25,6380
AA-CRC (linear),16,58,0.1,tabicl,0.6924910276621099,0.1029153605015674,1.0,27.274395832858826,20.921911825727207,0.0,0.0,,0.1188118811881188,0.1188118811881188,0.006324539557604446,0.75,6380
AA-CRC (RF leaves),16,58,0.1,tabicl,0.6945065107412616,0.09993730407523511,0.0,26.946365317989184,22.422843786941048,0.0,0.0,0.1355555555555556,0.10693069306930694,0.10693069306930694,0.0025964123696838558,0.5,6380
ReCIRC,16,58,0.1,tabicl,0.105,0.0981818214058876,0.0,25.318504333496094,19.430557250976562,0.0,0.0,,0.09883871674537659,0.09883871674537659,0.0,0.0,6380
CRC,17,59,0.1,tabicl,0.7594936490058899,0.09360501915216446,0.0,29.004837036132812,23.242023468017578,0.0,0.0,,0.09692855179309845,0.09692855179309845,0.0,0.0,6380
AA-CRC (linear),17,59,0.1,tabicl,0.7213264943346092,0.09818181818181818,0.0,28.488722611624464,22.282717509206,0.0,0.0,,0.10197219527966375,0.10197219527966375,0.0004930488199159366,0.25,6380
AA-CRC (RF leaves),17,59,0.1,tabicl,0.7067311516013632,0.10470219435736677,1.0,27.195283928754698,22.172072352120747,0.0,0.0,0.1478947368421052,0.1340425531914894,0.1340425531914894,0.01088301368403747,0.75,6380
ReCIRC,17,59,0.1,tabicl,0.085,0.10018809139728546,1.0,25.701866149902344,20.710216522216797,0.0,0.0,,0.10733915120363235,0.10733915120363235,0.0018347874283790588,0.25,6380
CRC,18,60,0.1,tabicl,0.7594936490058899,0.08166144043207169,0.0,29.443233489990234,24.614620208740234,0.0,0.0,,0.23541665077209473,0.23541665077209473,0.0338541641831398,0.25,6380
AA-CRC (linear),18,60,0.1,tabicl,0.703206608723006,0.094858934169279,0.0,27.798802578556426,22.648246023498555,0.0,0.0,,0.2020833333333333,0.2020833333333333,0.025520833333333326,0.25,6380
AA-CRC (RF leaves),18,60,0.1,tabicl,0.6844972286839865,0.09717868338557993,0.0,26.884540001375118,21.974216899182377,0.0,0.0,0.12628726287262876,0.21666666666666667,0.21666666666666667,0.029166666666666667,0.25,6380
ReCIRC,18,60,0.1,tabicl,0.095,0.09131661057472229,0.0,25.326772689819336,20.052658081054688,0.0,0.0,,0.22083334624767303,0.22083334624767303,0.0364583358168602,0.5,6380
CRC,19,61,0.1,tabicl,0.7594936490058899,0.08510971814393997,0.0,28.755552291870117,23.63031578063965,0.0,0.0,,0.14318181574344635,0.14318181574344635,0.010795453563332558,0.25,6380
AA-CRC (linear),19,61,0.1,tabicl,0.7065674269401814,0.0961755485893417,0.0,27.368271828960097,21.479386817418032,0.0,0.0,,0.11363636363636363,0.11363636363636363,0.0034090909090909068,0.25,6380
AA-CRC (RF leaves),19,61,0.1,tabicl,0.6972798276156659,0.0960501567398119,0.0,27.042831588949483,21.640833697378824,0.0,0.0,0.11563636363636354,0.11590909090909092,0.11590909090909092,0.0041957900467936085,0.5,6380
ReCIRC,19,61,0.1,tabicl,0.09,0.08974922448396683,0.0,25.0922908782959,19.71721649169922,0.0,0.0,,0.1772727221250534,0.1772727221250534,0.01931818015873432,0.25,6380
